<?xml version="1.0" encoding="UTF-8"?>
<gpx version="1.1" creator="Morocco Motorcycle Tour 2026 (Transmark)"
     xmlns="http://www.topografix.com/GPX/1/1"
     xmlns:xsi="http://www.w3.org/2001/XMLSchema-instance"
     xsi:schemaLocation="http://www.topografix.com/GPX/1/1 http://www.topografix.com/GPX/1/1/gpx.xsd">
  <metadata>
    <name>Morocco Motorcycle Tour 2026 - full route (Morocco)</name>
    <desc>10 riding days Nador - Guercif - Midelt - Merzouga - Dades - Ait Benhaddou - Marrakech - Ouzoud - Midelt - Nador. Tracks follow the actual roads. Hotels and sights as waypoints.</desc>
  </metadata>
  <wpt lat="34.227" lon="-3.353"><name>N1 · Guercif — Hotel Atlas (to book)</name><sym>Lodging</sym><type>Hotel</type></wpt>
  <wpt lat="32.68" lon="-4.745"><name>N2·3·9 · Midelt — Moonrise Villa</name><sym>Lodging</sym><type>Hotel</type></wpt>
  <wpt lat="31.0995" lon="-4.011"><name>N4 · Merzouga — Kasbah Mohayut (to book)</name><sym>Lodging</sym><type>Hotel</type></wpt>
  <wpt lat="31.545" lon="-5.965"><name>N5 · Dades — Riad d.V. Charrues</name><sym>Lodging</sym><type>Hotel</type></wpt>
  <wpt lat="31.07" lon="-7.125"><name>N6 · Aït Benhaddou — Riad Tamdakhte</name><sym>Lodging</sym><type>Hotel</type></wpt>
  <wpt lat="31.63" lon="-7.986"><name>N7 · Marrakech — Le Perroquet Bleu</name><sym>Lodging</sym><type>Hotel</type></wpt>
  <wpt lat="32.339" lon="-6.361"><name>N8 · Beni Mellal — Hotel Velsatis</name><sym>Lodging</sym><type>Hotel</type></wpt>
  <wpt lat="33.5228" lon="-5.1106"><name>Ifrane</name><sym>Scenic Area</sym><type>Sight</type></wpt>
  <wpt lat="33.427" lon="-5.172"><name>Cedar forest (macaques)</name><sym>Scenic Area</sym><type>Sight</type></wpt>
  <wpt lat="31.687" lon="-4.257"><name>Ziz Valley</name><sym>Scenic Area</sym><type>Sight</type></wpt>
  <wpt lat="31.1" lon="-3.97"><name>Erg Chebbi dunes</name><sym>Scenic Area</sym><type>Sight</type></wpt>
  <wpt lat="31.281" lon="-4.26"><name>Rissani souk</name><sym>Scenic Area</sym><type>Sight</type></wpt>
  <wpt lat="31.59" lon="-5.6"><name>Todra Gorge</name><sym>Scenic Area</sym><type>Sight</type></wpt>
  <wpt lat="31.556" lon="-5.97"><name>Dadès hairpins (R704)</name><sym>Scenic Area</sym><type>Sight</type></wpt>
  <wpt lat="30.92" lon="-6.893"><name>Ouarzazate</name><sym>Scenic Area</sym><type>Sight</type></wpt>
  <wpt lat="31.0472" lon="-7.129"><name>Aït Benhaddou ksar</name><sym>Scenic Area</sym><type>Sight</type></wpt>
  <wpt lat="31.287" lon="-7.24"><name>Telouet</name><sym>Scenic Area</sym><type>Sight</type></wpt>
  <wpt lat="31.296" lon="-7.381"><name>Tizi n'Tichka 2260m</name><sym>Scenic Area</sym><type>Sight</type></wpt>
  <wpt lat="32.0155" lon="-6.7197"><name>Ouzoud falls</name><sym>Scenic Area</sym><type>Sight</type></wpt>
  <trk><name>Day 1 · Nador → Guercif (202)</name><desc>Day 1 - follows the actual roads</desc>
    <trkseg>
      <trkpt lat="35.26817" lon="-2.93307"/>
      <trkpt lat="35.26771" lon="-2.93314"/>
      <trkpt lat="35.26586" lon="-2.93215"/>
      <trkpt lat="35.26530" lon="-2.93233"/>
      <trkpt lat="35.26481" lon="-2.93176"/>
      <trkpt lat="35.26068" lon="-2.92968"/>
      <trkpt lat="35.25732" lon="-2.92947"/>
      <trkpt lat="35.24064" lon="-2.93386"/>
      <trkpt lat="35.23436" lon="-2.93160"/>
      <trkpt lat="35.22969" lon="-2.92744"/>
      <trkpt lat="35.22358" lon="-2.92425"/>
      <trkpt lat="35.22150" lon="-2.92155"/>
      <trkpt lat="35.21808" lon="-2.91967"/>
      <trkpt lat="35.21401" lon="-2.91557"/>
      <trkpt lat="35.21244" lon="-2.91481"/>
      <trkpt lat="35.21060" lon="-2.91467"/>
      <trkpt lat="35.20817" lon="-2.91533"/>
      <trkpt lat="35.20217" lon="-2.92108"/>
      <trkpt lat="35.19655" lon="-2.93025"/>
      <trkpt lat="35.19536" lon="-2.93132"/>
      <trkpt lat="35.19116" lon="-2.93127"/>
      <trkpt lat="35.18928" lon="-2.93047"/>
      <trkpt lat="35.18693" lon="-2.92861"/>
      <trkpt lat="35.18546" lon="-2.92818"/>
      <trkpt lat="35.17992" lon="-2.92852"/>
      <trkpt lat="35.17830" lon="-2.92796"/>
      <trkpt lat="35.17619" lon="-2.92792"/>
      <trkpt lat="35.17314" lon="-2.92868"/>
      <trkpt lat="35.15628" lon="-2.92847"/>
      <trkpt lat="35.15234" lon="-2.92782"/>
      <trkpt lat="35.15194" lon="-2.92853"/>
      <trkpt lat="35.13838" lon="-2.92518"/>
      <trkpt lat="35.13660" lon="-2.92456"/>
      <trkpt lat="35.13334" lon="-2.92279"/>
      <trkpt lat="35.13162" lon="-2.92231"/>
      <trkpt lat="35.12886" lon="-2.92264"/>
      <trkpt lat="35.12401" lon="-2.92434"/>
      <trkpt lat="35.12274" lon="-2.92445"/>
      <trkpt lat="35.09809" lon="-2.93176"/>
      <trkpt lat="35.09688" lon="-2.93236"/>
      <trkpt lat="35.08644" lon="-2.93511"/>
      <trkpt lat="35.08422" lon="-2.93491"/>
      <trkpt lat="35.08248" lon="-2.93418"/>
      <trkpt lat="35.07719" lon="-2.93010"/>
      <trkpt lat="35.07406" lon="-2.92907"/>
      <trkpt lat="35.07170" lon="-2.92914"/>
      <trkpt lat="35.06550" lon="-2.93044"/>
      <trkpt lat="35.06364" lon="-2.93143"/>
      <trkpt lat="35.06157" lon="-2.93414"/>
      <trkpt lat="35.05790" lon="-2.94432"/>
      <trkpt lat="35.05595" lon="-2.94802"/>
      <trkpt lat="35.05228" lon="-2.95221"/>
      <trkpt lat="35.03539" lon="-2.97499"/>
      <trkpt lat="35.02986" lon="-2.98190"/>
      <trkpt lat="35.02677" lon="-2.98486"/>
      <trkpt lat="35.01919" lon="-2.98942"/>
      <trkpt lat="35.01803" lon="-2.99065"/>
      <trkpt lat="35.01781" lon="-2.99031"/>
      <trkpt lat="35.01636" lon="-2.99009"/>
      <trkpt lat="35.01538" lon="-2.98813"/>
      <trkpt lat="35.01284" lon="-2.98718"/>
      <trkpt lat="35.01172" lon="-2.98983"/>
      <trkpt lat="35.01120" lon="-2.99014"/>
      <trkpt lat="35.00852" lon="-2.98934"/>
      <trkpt lat="35.00699" lon="-2.98957"/>
      <trkpt lat="35.00585" lon="-2.99153"/>
      <trkpt lat="35.00557" lon="-2.99475"/>
      <trkpt lat="35.00399" lon="-2.99995"/>
      <trkpt lat="35.00415" lon="-3.00087"/>
      <trkpt lat="35.00205" lon="-3.00367"/>
      <trkpt lat="35.00041" lon="-3.00368"/>
      <trkpt lat="34.98714" lon="-3.00866"/>
      <trkpt lat="34.98325" lon="-3.00677"/>
      <trkpt lat="34.93675" lon="-2.98936"/>
      <trkpt lat="34.93520" lon="-2.99222"/>
      <trkpt lat="34.93046" lon="-3.01103"/>
      <trkpt lat="34.93248" lon="-3.01177"/>
      <trkpt lat="34.93073" lon="-3.01478"/>
      <trkpt lat="34.92967" lon="-3.01601"/>
      <trkpt lat="34.92561" lon="-3.01932"/>
      <trkpt lat="34.92270" lon="-3.01882"/>
      <trkpt lat="34.92183" lon="-3.01827"/>
      <trkpt lat="34.92017" lon="-3.01626"/>
      <trkpt lat="34.91923" lon="-3.01405"/>
      <trkpt lat="34.91872" lon="-3.01109"/>
      <trkpt lat="34.91864" lon="-3.00640"/>
      <trkpt lat="34.91832" lon="-3.00540"/>
      <trkpt lat="34.91892" lon="-3.00146"/>
      <trkpt lat="34.91799" lon="-2.99961"/>
      <trkpt lat="34.91820" lon="-2.99860"/>
      <trkpt lat="34.91786" lon="-2.99689"/>
      <trkpt lat="34.91653" lon="-2.99601"/>
      <trkpt lat="34.91569" lon="-2.99502"/>
      <trkpt lat="34.91263" lon="-2.99387"/>
      <trkpt lat="34.91176" lon="-2.99409"/>
      <trkpt lat="34.91306" lon="-2.98994"/>
      <trkpt lat="34.91212" lon="-2.98940"/>
      <trkpt lat="34.91167" lon="-2.98875"/>
      <trkpt lat="34.90803" lon="-2.97971"/>
      <trkpt lat="34.90604" lon="-2.97657"/>
      <trkpt lat="34.90475" lon="-2.97354"/>
      <trkpt lat="34.90299" lon="-2.97382"/>
      <trkpt lat="34.90039" lon="-2.97197"/>
      <trkpt lat="34.89879" lon="-2.97148"/>
      <trkpt lat="34.89692" lon="-2.97041"/>
      <trkpt lat="34.89525" lon="-2.96924"/>
      <trkpt lat="34.89381" lon="-2.96704"/>
      <trkpt lat="34.89313" lon="-2.96274"/>
      <trkpt lat="34.89538" lon="-2.95679"/>
      <trkpt lat="34.89564" lon="-2.95526"/>
      <trkpt lat="34.89514" lon="-2.95412"/>
      <trkpt lat="34.89541" lon="-2.95318"/>
      <trkpt lat="34.89466" lon="-2.95057"/>
      <trkpt lat="34.89458" lon="-2.94764"/>
      <trkpt lat="34.89383" lon="-2.94718"/>
      <trkpt lat="34.89368" lon="-2.94663"/>
      <trkpt lat="34.89389" lon="-2.94503"/>
      <trkpt lat="34.89344" lon="-2.94038"/>
      <trkpt lat="34.89514" lon="-2.93717"/>
      <trkpt lat="34.89504" lon="-2.93404"/>
      <trkpt lat="34.89596" lon="-2.93031"/>
      <trkpt lat="34.89571" lon="-2.92798"/>
      <trkpt lat="34.89358" lon="-2.92619"/>
      <trkpt lat="34.89294" lon="-2.92347"/>
      <trkpt lat="34.89348" lon="-2.92194"/>
      <trkpt lat="34.89324" lon="-2.91959"/>
      <trkpt lat="34.89368" lon="-2.91800"/>
      <trkpt lat="34.89408" lon="-2.91394"/>
      <trkpt lat="34.89191" lon="-2.90785"/>
      <trkpt lat="34.89015" lon="-2.90463"/>
      <trkpt lat="34.88633" lon="-2.89907"/>
      <trkpt lat="34.88321" lon="-2.89663"/>
      <trkpt lat="34.88633" lon="-2.89907"/>
      <trkpt lat="34.89015" lon="-2.90463"/>
      <trkpt lat="34.89191" lon="-2.90785"/>
      <trkpt lat="34.89408" lon="-2.91394"/>
      <trkpt lat="34.89368" lon="-2.91800"/>
      <trkpt lat="34.89324" lon="-2.91959"/>
      <trkpt lat="34.89348" lon="-2.92194"/>
      <trkpt lat="34.89294" lon="-2.92347"/>
      <trkpt lat="34.89358" lon="-2.92619"/>
      <trkpt lat="34.89571" lon="-2.92798"/>
      <trkpt lat="34.89596" lon="-2.93031"/>
      <trkpt lat="34.89504" lon="-2.93404"/>
      <trkpt lat="34.89503" lon="-2.93744"/>
      <trkpt lat="34.89352" lon="-2.93998"/>
      <trkpt lat="34.89344" lon="-2.94195"/>
      <trkpt lat="34.89384" lon="-2.94402"/>
      <trkpt lat="34.89361" lon="-2.94619"/>
      <trkpt lat="34.89377" lon="-2.94711"/>
      <trkpt lat="34.89421" lon="-2.94719"/>
      <trkpt lat="34.89459" lon="-2.94779"/>
      <trkpt lat="34.89460" lon="-2.95001"/>
      <trkpt lat="34.89539" lon="-2.95293"/>
      <trkpt lat="34.89511" lon="-2.95381"/>
      <trkpt lat="34.89561" lon="-2.95580"/>
      <trkpt lat="34.89319" lon="-2.96213"/>
      <trkpt lat="34.89365" lon="-2.96658"/>
      <trkpt lat="34.89274" lon="-2.96930"/>
      <trkpt lat="34.89245" lon="-2.97354"/>
      <trkpt lat="34.89187" lon="-2.97473"/>
      <trkpt lat="34.89105" lon="-2.97525"/>
      <trkpt lat="34.88778" lon="-2.97462"/>
      <trkpt lat="34.88625" lon="-2.97518"/>
      <trkpt lat="34.88236" lon="-2.97550"/>
      <trkpt lat="34.87571" lon="-2.97908"/>
      <trkpt lat="34.87370" lon="-2.97979"/>
      <trkpt lat="34.87194" lon="-2.98178"/>
      <trkpt lat="34.86928" lon="-2.98256"/>
      <trkpt lat="34.86872" lon="-2.98326"/>
      <trkpt lat="34.86997" lon="-2.98797"/>
      <trkpt lat="34.86895" lon="-2.99017"/>
      <trkpt lat="34.86791" lon="-2.99146"/>
      <trkpt lat="34.86882" lon="-2.99317"/>
      <trkpt lat="34.86837" lon="-2.99372"/>
      <trkpt lat="34.86847" lon="-2.99570"/>
      <trkpt lat="34.86798" lon="-2.99689"/>
      <trkpt lat="34.86839" lon="-2.99862"/>
      <trkpt lat="34.86814" lon="-2.99980"/>
      <trkpt lat="34.86834" lon="-3.00016"/>
      <trkpt lat="34.86779" lon="-3.00187"/>
      <trkpt lat="34.86623" lon="-3.00081"/>
      <trkpt lat="34.86318" lon="-2.99761"/>
      <trkpt lat="34.85784" lon="-2.99344"/>
      <trkpt lat="34.85095" lon="-2.98885"/>
      <trkpt lat="34.84934" lon="-2.98896"/>
      <trkpt lat="34.84770" lon="-2.98827"/>
      <trkpt lat="34.84278" lon="-2.98781"/>
      <trkpt lat="34.83734" lon="-2.98983"/>
      <trkpt lat="34.83229" lon="-2.99316"/>
      <trkpt lat="34.83075" lon="-2.99306"/>
      <trkpt lat="34.82977" lon="-2.99179"/>
      <trkpt lat="34.82815" lon="-2.99125"/>
      <trkpt lat="34.82298" lon="-2.98668"/>
      <trkpt lat="34.82106" lon="-2.98238"/>
      <trkpt lat="34.81715" lon="-2.98231"/>
      <trkpt lat="34.81505" lon="-2.98165"/>
      <trkpt lat="34.81014" lon="-2.98100"/>
      <trkpt lat="34.79952" lon="-2.98176"/>
      <trkpt lat="34.79297" lon="-2.98372"/>
      <trkpt lat="34.78488" lon="-2.98543"/>
      <trkpt lat="34.77152" lon="-2.98667"/>
      <trkpt lat="34.75662" lon="-2.98901"/>
      <trkpt lat="34.75186" lon="-2.98932"/>
      <trkpt lat="34.74501" lon="-2.99253"/>
      <trkpt lat="34.74403" lon="-2.99369"/>
      <trkpt lat="34.74311" lon="-2.99687"/>
      <trkpt lat="34.74231" lon="-2.99815"/>
      <trkpt lat="34.74099" lon="-2.99901"/>
      <trkpt lat="34.74023" lon="-2.99913"/>
      <trkpt lat="34.73813" lon="-2.99818"/>
      <trkpt lat="34.73297" lon="-2.99121"/>
      <trkpt lat="34.72881" lon="-2.98954"/>
      <trkpt lat="34.72456" lon="-2.98639"/>
      <trkpt lat="34.71670" lon="-2.98371"/>
      <trkpt lat="34.71258" lon="-2.98276"/>
      <trkpt lat="34.70823" lon="-2.98018"/>
      <trkpt lat="34.70295" lon="-2.98030"/>
      <trkpt lat="34.70186" lon="-2.98005"/>
      <trkpt lat="34.69870" lon="-2.97845"/>
      <trkpt lat="34.69785" lon="-2.97838"/>
      <trkpt lat="34.69335" lon="-2.98034"/>
      <trkpt lat="34.68663" lon="-2.98097"/>
      <trkpt lat="34.68539" lon="-2.98138"/>
      <trkpt lat="34.68118" lon="-2.98465"/>
      <trkpt lat="34.67506" lon="-2.98762"/>
      <trkpt lat="34.66880" lon="-2.99009"/>
      <trkpt lat="34.66095" lon="-2.99841"/>
      <trkpt lat="34.65467" lon="-3.00686"/>
      <trkpt lat="34.64985" lon="-3.00930"/>
      <trkpt lat="34.64760" lon="-3.01137"/>
      <trkpt lat="34.64337" lon="-3.01640"/>
      <trkpt lat="34.64186" lon="-3.02159"/>
      <trkpt lat="34.64016" lon="-3.02303"/>
      <trkpt lat="34.63390" lon="-3.02527"/>
      <trkpt lat="34.62382" lon="-3.02546"/>
      <trkpt lat="34.61197" lon="-3.02876"/>
      <trkpt lat="34.60427" lon="-3.02955"/>
      <trkpt lat="34.58224" lon="-3.03016"/>
      <trkpt lat="34.57603" lon="-3.03135"/>
      <trkpt lat="34.57196" lon="-3.03371"/>
      <trkpt lat="34.57016" lon="-3.03429"/>
      <trkpt lat="34.56703" lon="-3.03297"/>
      <trkpt lat="34.56300" lon="-3.03046"/>
      <trkpt lat="34.55896" lon="-3.02888"/>
      <trkpt lat="34.55593" lon="-3.02729"/>
      <trkpt lat="34.55458" lon="-3.02583"/>
      <trkpt lat="34.55282" lon="-3.02123"/>
      <trkpt lat="34.55166" lon="-3.02004"/>
      <trkpt lat="34.54956" lon="-3.01878"/>
      <trkpt lat="34.54767" lon="-3.01872"/>
      <trkpt lat="34.54568" lon="-3.01991"/>
      <trkpt lat="34.54461" lon="-3.02176"/>
      <trkpt lat="34.54367" lon="-3.02699"/>
      <trkpt lat="34.54276" lon="-3.02878"/>
      <trkpt lat="34.54065" lon="-3.03059"/>
      <trkpt lat="34.53836" lon="-3.03093"/>
      <trkpt lat="34.53672" lon="-3.03045"/>
      <trkpt lat="34.51955" lon="-3.02183"/>
      <trkpt lat="34.51550" lon="-3.02052"/>
      <trkpt lat="34.51354" lon="-3.01918"/>
      <trkpt lat="34.51165" lon="-3.01663"/>
      <trkpt lat="34.51016" lon="-3.01192"/>
      <trkpt lat="34.50939" lon="-3.01058"/>
      <trkpt lat="34.49716" lon="-2.99553"/>
      <trkpt lat="34.49449" lon="-2.99441"/>
      <trkpt lat="34.48861" lon="-2.99407"/>
      <trkpt lat="34.48702" lon="-2.99362"/>
      <trkpt lat="34.47305" lon="-2.98763"/>
      <trkpt lat="34.47044" lon="-2.98729"/>
      <trkpt lat="34.46599" lon="-2.98752"/>
      <trkpt lat="34.45389" lon="-2.98578"/>
      <trkpt lat="34.45163" lon="-2.98484"/>
      <trkpt lat="34.44668" lon="-2.98179"/>
      <trkpt lat="34.44197" lon="-2.98032"/>
      <trkpt lat="34.44037" lon="-2.97908"/>
      <trkpt lat="34.43953" lon="-2.97768"/>
      <trkpt lat="34.43816" lon="-2.96950"/>
      <trkpt lat="34.43757" lon="-2.96788"/>
      <trkpt lat="34.43639" lon="-2.96639"/>
      <trkpt lat="34.43313" lon="-2.96415"/>
      <trkpt lat="34.43174" lon="-2.96364"/>
      <trkpt lat="34.42848" lon="-2.96313"/>
      <trkpt lat="34.42333" lon="-2.96364"/>
      <trkpt lat="34.42203" lon="-2.96337"/>
      <trkpt lat="34.41861" lon="-2.96149"/>
      <trkpt lat="34.40813" lon="-2.95296"/>
      <trkpt lat="34.41071" lon="-2.94356"/>
      <trkpt lat="34.41059" lon="-2.94207"/>
      <trkpt lat="34.40897" lon="-2.93593"/>
      <trkpt lat="34.40986" lon="-2.92965"/>
      <trkpt lat="34.41228" lon="-2.92425"/>
      <trkpt lat="34.41347" lon="-2.92233"/>
      <trkpt lat="34.41596" lon="-2.91545"/>
      <trkpt lat="34.41849" lon="-2.91035"/>
      <trkpt lat="34.41805" lon="-2.90578"/>
      <trkpt lat="34.41502" lon="-2.89875"/>
      <trkpt lat="34.41335" lon="-2.89390"/>
      <trkpt lat="34.41303" lon="-2.89387"/>
      <trkpt lat="34.41260" lon="-2.89465"/>
      <trkpt lat="34.41341" lon="-2.89370"/>
      <trkpt lat="34.41488" lon="-2.89812"/>
      <trkpt lat="34.41815" lon="-2.90573"/>
      <trkpt lat="34.41830" lon="-2.90909"/>
      <trkpt lat="34.41873" lon="-2.91036"/>
      <trkpt lat="34.41726" lon="-2.91255"/>
      <trkpt lat="34.41253" lon="-2.92457"/>
      <trkpt lat="34.40977" lon="-2.93011"/>
      <trkpt lat="34.40900" lon="-2.93641"/>
      <trkpt lat="34.41047" lon="-2.94153"/>
      <trkpt lat="34.41069" lon="-2.94373"/>
      <trkpt lat="34.40588" lon="-2.96178"/>
      <trkpt lat="34.40466" lon="-2.97263"/>
      <trkpt lat="34.40480" lon="-2.97438"/>
      <trkpt lat="34.40612" lon="-2.97963"/>
      <trkpt lat="34.40561" lon="-2.98249"/>
      <trkpt lat="34.38283" lon="-3.01815"/>
      <trkpt lat="34.37818" lon="-3.02211"/>
      <trkpt lat="34.37590" lon="-3.02659"/>
      <trkpt lat="34.37240" lon="-3.02934"/>
      <trkpt lat="34.36970" lon="-3.03363"/>
      <trkpt lat="34.36037" lon="-3.04094"/>
      <trkpt lat="34.35574" lon="-3.04109"/>
      <trkpt lat="34.35295" lon="-3.04156"/>
      <trkpt lat="34.35134" lon="-3.04223"/>
      <trkpt lat="34.34775" lon="-3.04530"/>
      <trkpt lat="34.34524" lon="-3.04843"/>
      <trkpt lat="34.33868" lon="-3.05373"/>
      <trkpt lat="34.33618" lon="-3.05736"/>
      <trkpt lat="34.33366" lon="-3.06404"/>
      <trkpt lat="34.33111" lon="-3.06779"/>
      <trkpt lat="34.33030" lon="-3.06841"/>
      <trkpt lat="34.32769" lon="-3.06910"/>
      <trkpt lat="34.32683" lon="-3.06957"/>
      <trkpt lat="34.32609" lon="-3.07047"/>
      <trkpt lat="34.31504" lon="-3.09064"/>
      <trkpt lat="34.30165" lon="-3.11189"/>
      <trkpt lat="34.30089" lon="-3.11530"/>
      <trkpt lat="34.30047" lon="-3.13024"/>
      <trkpt lat="34.29954" lon="-3.14258"/>
      <trkpt lat="34.29728" lon="-3.14571"/>
      <trkpt lat="34.29212" lon="-3.14724"/>
      <trkpt lat="34.29023" lon="-3.14976"/>
      <trkpt lat="34.28527" lon="-3.17387"/>
      <trkpt lat="34.27591" lon="-3.19284"/>
      <trkpt lat="34.26259" lon="-3.23412"/>
      <trkpt lat="34.25992" lon="-3.24924"/>
      <trkpt lat="34.25675" lon="-3.25441"/>
      <trkpt lat="34.25226" lon="-3.26057"/>
      <trkpt lat="34.24637" lon="-3.26633"/>
      <trkpt lat="34.24501" lon="-3.26844"/>
      <trkpt lat="34.24008" lon="-3.29208"/>
      <trkpt lat="34.23866" lon="-3.31155"/>
      <trkpt lat="34.23917" lon="-3.31368"/>
      <trkpt lat="34.24144" lon="-3.31729"/>
      <trkpt lat="34.24180" lon="-3.31874"/>
      <trkpt lat="34.24191" lon="-3.32220"/>
      <trkpt lat="34.24146" lon="-3.32348"/>
      <trkpt lat="34.23949" lon="-3.32559"/>
      <trkpt lat="34.22652" lon="-3.34986"/>
      <trkpt lat="34.22640" lon="-3.35150"/>
      <trkpt lat="34.22719" lon="-3.35312"/>
    </trkseg>
  </trk>
  <trk><name>Day 2 · Guercif → Midelt N15 (238)</name><desc>Day 2 - follows the actual roads</desc>
    <trkseg>
      <trkpt lat="34.22719" lon="-3.35312"/>
      <trkpt lat="34.22696" lon="-3.35227"/>
      <trkpt lat="34.22614" lon="-3.35171"/>
      <trkpt lat="34.22652" lon="-3.34986"/>
      <trkpt lat="34.23097" lon="-3.34097"/>
      <trkpt lat="34.23949" lon="-3.32559"/>
      <trkpt lat="34.24175" lon="-3.32284"/>
      <trkpt lat="34.24167" lon="-3.31805"/>
      <trkpt lat="34.24115" lon="-3.31660"/>
      <trkpt lat="34.23917" lon="-3.31368"/>
      <trkpt lat="34.23870" lon="-3.31235"/>
      <trkpt lat="34.23886" lon="-3.30718"/>
      <trkpt lat="34.21523" lon="-3.27348"/>
      <trkpt lat="34.20978" lon="-3.26371"/>
      <trkpt lat="34.20593" lon="-3.25929"/>
      <trkpt lat="34.20110" lon="-3.25560"/>
      <trkpt lat="34.19315" lon="-3.25196"/>
      <trkpt lat="34.18997" lon="-3.25004"/>
      <trkpt lat="34.18691" lon="-3.24753"/>
      <trkpt lat="34.18537" lon="-3.24591"/>
      <trkpt lat="34.17700" lon="-3.23481"/>
      <trkpt lat="34.17371" lon="-3.23200"/>
      <trkpt lat="34.17124" lon="-3.23085"/>
      <trkpt lat="34.16017" lon="-3.22957"/>
      <trkpt lat="34.15616" lon="-3.22879"/>
      <trkpt lat="34.14410" lon="-3.22857"/>
      <trkpt lat="34.13797" lon="-3.22901"/>
      <trkpt lat="34.13435" lon="-3.22845"/>
      <trkpt lat="34.13162" lon="-3.22850"/>
      <trkpt lat="34.05232" lon="-3.23320"/>
      <trkpt lat="34.04856" lon="-3.23366"/>
      <trkpt lat="34.04564" lon="-3.23448"/>
      <trkpt lat="34.04047" lon="-3.23698"/>
      <trkpt lat="34.03733" lon="-3.23935"/>
      <trkpt lat="34.00846" lon="-3.26832"/>
      <trkpt lat="34.00281" lon="-3.26958"/>
      <trkpt lat="34.00133" lon="-3.27025"/>
      <trkpt lat="33.99925" lon="-3.27192"/>
      <trkpt lat="33.98318" lon="-3.29369"/>
      <trkpt lat="33.98232" lon="-3.29590"/>
      <trkpt lat="33.98223" lon="-3.30137"/>
      <trkpt lat="33.98083" lon="-3.30422"/>
      <trkpt lat="33.96952" lon="-3.31625"/>
      <trkpt lat="33.91198" lon="-3.38443"/>
      <trkpt lat="33.90096" lon="-3.39355"/>
      <trkpt lat="33.87656" lon="-3.41065"/>
      <trkpt lat="33.87501" lon="-3.41282"/>
      <trkpt lat="33.87213" lon="-3.41364"/>
      <trkpt lat="33.86895" lon="-3.41350"/>
      <trkpt lat="33.86784" lon="-3.41477"/>
      <trkpt lat="33.86159" lon="-3.41822"/>
      <trkpt lat="33.85907" lon="-3.42161"/>
      <trkpt lat="33.84993" lon="-3.43621"/>
      <trkpt lat="33.84515" lon="-3.44196"/>
      <trkpt lat="33.84348" lon="-3.44287"/>
      <trkpt lat="33.82695" lon="-3.44755"/>
      <trkpt lat="33.81436" lon="-3.45425"/>
      <trkpt lat="33.79773" lon="-3.47204"/>
      <trkpt lat="33.79687" lon="-3.47247"/>
      <trkpt lat="33.79622" lon="-3.47239"/>
      <trkpt lat="33.79533" lon="-3.47160"/>
      <trkpt lat="33.79407" lon="-3.46949"/>
      <trkpt lat="33.79326" lon="-3.46912"/>
      <trkpt lat="33.79178" lon="-3.46935"/>
      <trkpt lat="33.78972" lon="-3.47184"/>
      <trkpt lat="33.78852" lon="-3.47275"/>
      <trkpt lat="33.77650" lon="-3.47951"/>
      <trkpt lat="33.75600" lon="-3.49618"/>
      <trkpt lat="33.74696" lon="-3.49926"/>
      <trkpt lat="33.73858" lon="-3.50996"/>
      <trkpt lat="33.73707" lon="-3.51066"/>
      <trkpt lat="33.72960" lon="-3.51281"/>
      <trkpt lat="33.71693" lon="-3.52512"/>
      <trkpt lat="33.71058" lon="-3.52851"/>
      <trkpt lat="33.70902" lon="-3.52897"/>
      <trkpt lat="33.70190" lon="-3.52791"/>
      <trkpt lat="33.68573" lon="-3.52860"/>
      <trkpt lat="33.68429" lon="-3.52959"/>
      <trkpt lat="33.67867" lon="-3.53585"/>
      <trkpt lat="33.67730" lon="-3.53664"/>
      <trkpt lat="33.66400" lon="-3.53938"/>
      <trkpt lat="33.65689" lon="-3.53929"/>
      <trkpt lat="33.64436" lon="-3.54103"/>
      <trkpt lat="33.63815" lon="-3.54318"/>
      <trkpt lat="33.61946" lon="-3.54600"/>
      <trkpt lat="33.61758" lon="-3.54730"/>
      <trkpt lat="33.60900" lon="-3.55516"/>
      <trkpt lat="33.60526" lon="-3.55743"/>
      <trkpt lat="33.59897" lon="-3.56045"/>
      <trkpt lat="33.59488" lon="-3.56128"/>
      <trkpt lat="33.57825" lon="-3.56996"/>
      <trkpt lat="33.57681" lon="-3.57006"/>
      <trkpt lat="33.57532" lon="-3.56919"/>
      <trkpt lat="33.57401" lon="-3.56886"/>
      <trkpt lat="33.57124" lon="-3.56985"/>
      <trkpt lat="33.57015" lon="-3.57098"/>
      <trkpt lat="33.56684" lon="-3.57760"/>
      <trkpt lat="33.56212" lon="-3.58176"/>
      <trkpt lat="33.55426" lon="-3.59243"/>
      <trkpt lat="33.55308" lon="-3.59321"/>
      <trkpt lat="33.53811" lon="-3.59820"/>
      <trkpt lat="33.53031" lon="-3.60135"/>
      <trkpt lat="33.52260" lon="-3.60076"/>
      <trkpt lat="33.50836" lon="-3.60181"/>
      <trkpt lat="33.50456" lon="-3.60163"/>
      <trkpt lat="33.50125" lon="-3.60238"/>
      <trkpt lat="33.49965" lon="-3.60331"/>
      <trkpt lat="33.49849" lon="-3.60507"/>
      <trkpt lat="33.49778" lon="-3.61053"/>
      <trkpt lat="33.49548" lon="-3.61426"/>
      <trkpt lat="33.49439" lon="-3.61509"/>
      <trkpt lat="33.48214" lon="-3.61556"/>
      <trkpt lat="33.47350" lon="-3.62020"/>
      <trkpt lat="33.43404" lon="-3.63148"/>
      <trkpt lat="33.43114" lon="-3.63259"/>
      <trkpt lat="33.39474" lon="-3.65079"/>
      <trkpt lat="33.39205" lon="-3.65087"/>
      <trkpt lat="33.38838" lon="-3.64866"/>
      <trkpt lat="33.38728" lon="-3.64835"/>
      <trkpt lat="33.37460" lon="-3.64811"/>
      <trkpt lat="33.35908" lon="-3.65669"/>
      <trkpt lat="33.33986" lon="-3.68737"/>
      <trkpt lat="33.34105" lon="-3.68853"/>
      <trkpt lat="33.34045" lon="-3.68940"/>
      <trkpt lat="33.33946" lon="-3.68927"/>
      <trkpt lat="33.33820" lon="-3.69000"/>
      <trkpt lat="33.33710" lon="-3.69182"/>
      <trkpt lat="33.33541" lon="-3.70134"/>
      <trkpt lat="33.33394" lon="-3.70208"/>
      <trkpt lat="33.33122" lon="-3.70215"/>
      <trkpt lat="33.33036" lon="-3.70314"/>
      <trkpt lat="33.32983" lon="-3.70540"/>
      <trkpt lat="33.33079" lon="-3.71702"/>
      <trkpt lat="33.33065" lon="-3.71993"/>
      <trkpt lat="33.33171" lon="-3.72716"/>
      <trkpt lat="33.33217" lon="-3.73290"/>
      <trkpt lat="33.33171" lon="-3.73486"/>
      <trkpt lat="33.32854" lon="-3.73832"/>
      <trkpt lat="33.24392" lon="-3.82669"/>
      <trkpt lat="33.24294" lon="-3.82745"/>
      <trkpt lat="33.24193" lon="-3.82765"/>
      <trkpt lat="33.23187" lon="-3.82648"/>
      <trkpt lat="33.23037" lon="-3.82662"/>
      <trkpt lat="33.21722" lon="-3.83605"/>
      <trkpt lat="33.19613" lon="-3.87018"/>
      <trkpt lat="33.18886" lon="-3.87624"/>
      <trkpt lat="33.18085" lon="-3.87934"/>
      <trkpt lat="33.16623" lon="-3.89043"/>
      <trkpt lat="33.15835" lon="-3.89428"/>
      <trkpt lat="33.13449" lon="-3.91555"/>
      <trkpt lat="33.13077" lon="-3.92243"/>
      <trkpt lat="33.12815" lon="-3.92852"/>
      <trkpt lat="33.12270" lon="-3.93626"/>
      <trkpt lat="33.11856" lon="-3.94029"/>
      <trkpt lat="33.11488" lon="-3.94974"/>
      <trkpt lat="33.10985" lon="-3.95642"/>
      <trkpt lat="33.10032" lon="-3.96388"/>
      <trkpt lat="33.09364" lon="-3.96580"/>
      <trkpt lat="33.08787" lon="-3.96705"/>
      <trkpt lat="33.08553" lon="-3.96886"/>
      <trkpt lat="33.07773" lon="-3.97950"/>
      <trkpt lat="33.07426" lon="-3.98181"/>
      <trkpt lat="33.06950" lon="-3.98400"/>
      <trkpt lat="33.06268" lon="-3.98930"/>
      <trkpt lat="33.05678" lon="-3.99081"/>
      <trkpt lat="33.05483" lon="-3.98833"/>
      <trkpt lat="33.05176" lon="-3.98576"/>
      <trkpt lat="33.05011" lon="-3.98570"/>
      <trkpt lat="33.04880" lon="-3.98482"/>
      <trkpt lat="33.04709" lon="-3.98522"/>
      <trkpt lat="33.04687" lon="-3.98581"/>
      <trkpt lat="33.04758" lon="-3.98837"/>
      <trkpt lat="33.04430" lon="-3.99622"/>
      <trkpt lat="33.04201" lon="-4.00661"/>
      <trkpt lat="33.04245" lon="-4.01056"/>
      <trkpt lat="33.04250" lon="-4.01543"/>
      <trkpt lat="33.04165" lon="-4.02070"/>
      <trkpt lat="33.04221" lon="-4.02638"/>
      <trkpt lat="33.04135" lon="-4.03273"/>
      <trkpt lat="33.04205" lon="-4.03778"/>
      <trkpt lat="33.04167" lon="-4.04129"/>
      <trkpt lat="33.04046" lon="-4.04626"/>
      <trkpt lat="33.04132" lon="-4.05167"/>
      <trkpt lat="33.04070" lon="-4.05281"/>
      <trkpt lat="33.03717" lon="-4.05360"/>
      <trkpt lat="33.03614" lon="-4.05493"/>
      <trkpt lat="33.03684" lon="-4.06128"/>
      <trkpt lat="33.03600" lon="-4.06716"/>
      <trkpt lat="33.03435" lon="-4.07489"/>
      <trkpt lat="33.03419" lon="-4.07713"/>
      <trkpt lat="33.03341" lon="-4.07752"/>
      <trkpt lat="33.02551" lon="-4.08481"/>
      <trkpt lat="33.01287" lon="-4.10316"/>
      <trkpt lat="33.00941" lon="-4.10636"/>
      <trkpt lat="33.00526" lon="-4.11310"/>
      <trkpt lat="32.99873" lon="-4.12664"/>
      <trkpt lat="32.99071" lon="-4.13686"/>
      <trkpt lat="32.98841" lon="-4.14152"/>
      <trkpt lat="32.98674" lon="-4.14287"/>
      <trkpt lat="32.98447" lon="-4.14305"/>
      <trkpt lat="32.98126" lon="-4.14445"/>
      <trkpt lat="32.97635" lon="-4.15066"/>
      <trkpt lat="32.97313" lon="-4.15418"/>
      <trkpt lat="32.97017" lon="-4.16062"/>
      <trkpt lat="32.96596" lon="-4.16528"/>
      <trkpt lat="32.96505" lon="-4.16782"/>
      <trkpt lat="32.96270" lon="-4.17057"/>
      <trkpt lat="32.95934" lon="-4.18096"/>
      <trkpt lat="32.95712" lon="-4.18628"/>
      <trkpt lat="32.95224" lon="-4.19338"/>
      <trkpt lat="32.94475" lon="-4.20057"/>
      <trkpt lat="32.93581" lon="-4.21233"/>
      <trkpt lat="32.92422" lon="-4.21965"/>
      <trkpt lat="32.91660" lon="-4.22278"/>
      <trkpt lat="32.91250" lon="-4.22589"/>
      <trkpt lat="32.89972" lon="-4.23130"/>
      <trkpt lat="32.89724" lon="-4.23384"/>
      <trkpt lat="32.89614" lon="-4.23666"/>
      <trkpt lat="32.89277" lon="-4.24036"/>
      <trkpt lat="32.88887" lon="-4.24253"/>
      <trkpt lat="32.88509" lon="-4.24244"/>
      <trkpt lat="32.88298" lon="-4.24085"/>
      <trkpt lat="32.88043" lon="-4.24051"/>
      <trkpt lat="32.87761" lon="-4.23909"/>
      <trkpt lat="32.87640" lon="-4.23936"/>
      <trkpt lat="32.87590" lon="-4.24011"/>
      <trkpt lat="32.87619" lon="-4.24505"/>
      <trkpt lat="32.87292" lon="-4.25406"/>
      <trkpt lat="32.86844" lon="-4.26057"/>
      <trkpt lat="32.86758" lon="-4.26223"/>
      <trkpt lat="32.86633" lon="-4.26616"/>
      <trkpt lat="32.86189" lon="-4.27332"/>
      <trkpt lat="32.85934" lon="-4.27594"/>
      <trkpt lat="32.85695" lon="-4.28136"/>
      <trkpt lat="32.85528" lon="-4.28374"/>
      <trkpt lat="32.85410" lon="-4.28780"/>
      <trkpt lat="32.85266" lon="-4.28932"/>
      <trkpt lat="32.84006" lon="-4.31071"/>
      <trkpt lat="32.83908" lon="-4.31564"/>
      <trkpt lat="32.83572" lon="-4.32159"/>
      <trkpt lat="32.83668" lon="-4.32420"/>
      <trkpt lat="32.83645" lon="-4.32611"/>
      <trkpt lat="32.83430" lon="-4.32885"/>
      <trkpt lat="32.83235" lon="-4.33280"/>
      <trkpt lat="32.83072" lon="-4.33486"/>
      <trkpt lat="32.82905" lon="-4.33891"/>
      <trkpt lat="32.82639" lon="-4.34155"/>
      <trkpt lat="32.82489" lon="-4.34845"/>
      <trkpt lat="32.82438" lon="-4.34925"/>
      <trkpt lat="32.81943" lon="-4.35334"/>
      <trkpt lat="32.81625" lon="-4.35909"/>
      <trkpt lat="32.81100" lon="-4.36524"/>
      <trkpt lat="32.81023" lon="-4.36597"/>
      <trkpt lat="32.80670" lon="-4.36703"/>
      <trkpt lat="32.80569" lon="-4.36839"/>
      <trkpt lat="32.80536" lon="-4.37291"/>
      <trkpt lat="32.80573" lon="-4.37480"/>
      <trkpt lat="32.81355" lon="-4.39119"/>
      <trkpt lat="32.81629" lon="-4.39620"/>
      <trkpt lat="32.81730" lon="-4.39963"/>
      <trkpt lat="32.81797" lon="-4.40281"/>
      <trkpt lat="32.81790" lon="-4.40466"/>
      <trkpt lat="32.81728" lon="-4.40691"/>
      <trkpt lat="32.81628" lon="-4.40866"/>
      <trkpt lat="32.79537" lon="-4.42768"/>
      <trkpt lat="32.78602" lon="-4.43661"/>
      <trkpt lat="32.77488" lon="-4.44350"/>
      <trkpt lat="32.77145" lon="-4.44606"/>
      <trkpt lat="32.76515" lon="-4.45283"/>
      <trkpt lat="32.75935" lon="-4.45810"/>
      <trkpt lat="32.74927" lon="-4.46835"/>
      <trkpt lat="32.73220" lon="-4.48038"/>
      <trkpt lat="32.72525" lon="-4.49130"/>
      <trkpt lat="32.72148" lon="-4.49619"/>
      <trkpt lat="32.71796" lon="-4.50036"/>
      <trkpt lat="32.71179" lon="-4.50582"/>
      <trkpt lat="32.71052" lon="-4.50735"/>
      <trkpt lat="32.70835" lon="-4.51087"/>
      <trkpt lat="32.70430" lon="-4.52032"/>
      <trkpt lat="32.69722" lon="-4.53884"/>
      <trkpt lat="32.69402" lon="-4.55791"/>
      <trkpt lat="32.69240" lon="-4.56471"/>
      <trkpt lat="32.68762" lon="-4.57641"/>
      <trkpt lat="32.67965" lon="-4.59448"/>
      <trkpt lat="32.67579" lon="-4.61116"/>
      <trkpt lat="32.66824" lon="-4.62782"/>
      <trkpt lat="32.67751" lon="-4.64825"/>
      <trkpt lat="32.67885" lon="-4.65332"/>
      <trkpt lat="32.67920" lon="-4.65645"/>
      <trkpt lat="32.67918" lon="-4.67129"/>
      <trkpt lat="32.68099" lon="-4.68189"/>
      <trkpt lat="32.68335" lon="-4.69193"/>
      <trkpt lat="32.68293" lon="-4.69767"/>
      <trkpt lat="32.68299" lon="-4.70154"/>
      <trkpt lat="32.68324" lon="-4.70218"/>
      <trkpt lat="32.68295" lon="-4.70847"/>
      <trkpt lat="32.68112" lon="-4.71637"/>
      <trkpt lat="32.68102" lon="-4.71990"/>
      <trkpt lat="32.68029" lon="-4.72466"/>
      <trkpt lat="32.67861" lon="-4.73166"/>
      <trkpt lat="32.67968" lon="-4.73485"/>
      <trkpt lat="32.67933" lon="-4.73810"/>
      <trkpt lat="32.67944" lon="-4.74048"/>
      <trkpt lat="32.67997" lon="-4.74084"/>
      <trkpt lat="32.68036" lon="-4.74405"/>
    </trkseg>
  </trk>
  <trk><name>Day 3 · Midelt → Ifrane → Azrou loop (285)</name><desc>Day 3 - follows the actual roads</desc>
    <trkseg>
      <trkpt lat="32.68036" lon="-4.74405"/>
      <trkpt lat="32.68028" lon="-4.74333"/>
      <trkpt lat="32.68255" lon="-4.74321"/>
      <trkpt lat="32.68344" lon="-4.74285"/>
      <trkpt lat="32.68624" lon="-4.74403"/>
      <trkpt lat="32.69262" lon="-4.75146"/>
      <trkpt lat="32.69483" lon="-4.75310"/>
      <trkpt lat="32.69757" lon="-4.75378"/>
      <trkpt lat="32.69848" lon="-4.75455"/>
      <trkpt lat="32.70057" lon="-4.75832"/>
      <trkpt lat="32.70107" lon="-4.76098"/>
      <trkpt lat="32.70067" lon="-4.76433"/>
      <trkpt lat="32.70238" lon="-4.77336"/>
      <trkpt lat="32.70565" lon="-4.77909"/>
      <trkpt lat="32.70651" lon="-4.79553"/>
      <trkpt lat="32.70633" lon="-4.79773"/>
      <trkpt lat="32.70449" lon="-4.80512"/>
      <trkpt lat="32.69928" lon="-4.81204"/>
      <trkpt lat="32.69874" lon="-4.81332"/>
      <trkpt lat="32.69745" lon="-4.82350"/>
      <trkpt lat="32.69772" lon="-4.84208"/>
      <trkpt lat="32.69852" lon="-4.84397"/>
      <trkpt lat="32.70403" lon="-4.84966"/>
      <trkpt lat="32.70485" lon="-4.85098"/>
      <trkpt lat="32.70980" lon="-4.87197"/>
      <trkpt lat="32.71809" lon="-4.88472"/>
      <trkpt lat="32.72072" lon="-4.88699"/>
      <trkpt lat="32.73530" lon="-4.90911"/>
      <trkpt lat="32.74413" lon="-4.91305"/>
      <trkpt lat="32.74665" lon="-4.91323"/>
      <trkpt lat="32.74771" lon="-4.91375"/>
      <trkpt lat="32.75632" lon="-4.92582"/>
      <trkpt lat="32.75768" lon="-4.92659"/>
      <trkpt lat="32.79055" lon="-4.93689"/>
      <trkpt lat="32.79143" lon="-4.93768"/>
      <trkpt lat="32.79398" lon="-4.94182"/>
      <trkpt lat="32.79469" lon="-4.94251"/>
      <trkpt lat="32.80150" lon="-4.94566"/>
      <trkpt lat="32.81619" lon="-4.95832"/>
      <trkpt lat="32.81804" lon="-4.95939"/>
      <trkpt lat="32.82080" lon="-4.95976"/>
      <trkpt lat="32.82351" lon="-4.96134"/>
      <trkpt lat="32.83316" lon="-4.96077"/>
      <trkpt lat="32.84344" lon="-4.95255"/>
      <trkpt lat="32.84670" lon="-4.95112"/>
      <trkpt lat="32.84841" lon="-4.94928"/>
      <trkpt lat="32.84975" lon="-4.94841"/>
      <trkpt lat="32.85988" lon="-4.94559"/>
      <trkpt lat="32.86780" lon="-4.94403"/>
      <trkpt lat="32.86995" lon="-4.94386"/>
      <trkpt lat="32.87596" lon="-4.94557"/>
      <trkpt lat="32.87729" lon="-4.94663"/>
      <trkpt lat="32.88134" lon="-4.95275"/>
      <trkpt lat="32.88312" lon="-4.95695"/>
      <trkpt lat="32.88514" lon="-4.95984"/>
      <trkpt lat="32.88672" lon="-4.97438"/>
      <trkpt lat="32.90193" lon="-5.02410"/>
      <trkpt lat="32.90820" lon="-5.03048"/>
      <trkpt lat="32.92993" lon="-5.05110"/>
      <trkpt lat="32.93145" lon="-5.05394"/>
      <trkpt lat="32.93223" lon="-5.05446"/>
      <trkpt lat="32.93336" lon="-5.05467"/>
      <trkpt lat="32.93734" lon="-5.05736"/>
      <trkpt lat="32.93854" lon="-5.05779"/>
      <trkpt lat="32.94001" lon="-5.06078"/>
      <trkpt lat="32.94095" lon="-5.06075"/>
      <trkpt lat="32.94540" lon="-5.05941"/>
      <trkpt lat="32.95405" lon="-5.05373"/>
      <trkpt lat="32.95577" lon="-5.05313"/>
      <trkpt lat="32.95775" lon="-5.05297"/>
      <trkpt lat="32.95876" lon="-5.05335"/>
      <trkpt lat="32.96203" lon="-5.05571"/>
      <trkpt lat="32.96486" lon="-5.05646"/>
      <trkpt lat="32.96928" lon="-5.05821"/>
      <trkpt lat="32.97032" lon="-5.05757"/>
      <trkpt lat="32.97260" lon="-5.05712"/>
      <trkpt lat="32.97400" lon="-5.05853"/>
      <trkpt lat="32.97425" lon="-5.05982"/>
      <trkpt lat="32.97590" lon="-5.06085"/>
      <trkpt lat="32.97716" lon="-5.06326"/>
      <trkpt lat="32.97833" lon="-5.06407"/>
      <trkpt lat="32.97941" lon="-5.06549"/>
      <trkpt lat="32.97998" lon="-5.06577"/>
      <trkpt lat="32.98157" lon="-5.06565"/>
      <trkpt lat="32.98249" lon="-5.06690"/>
      <trkpt lat="32.98375" lon="-5.06718"/>
      <trkpt lat="32.98520" lon="-5.06825"/>
      <trkpt lat="32.98709" lon="-5.07107"/>
      <trkpt lat="32.99275" lon="-5.07036"/>
      <trkpt lat="32.99366" lon="-5.07065"/>
      <trkpt lat="32.99562" lon="-5.07308"/>
      <trkpt lat="32.99885" lon="-5.07362"/>
      <trkpt lat="32.99988" lon="-5.07462"/>
      <trkpt lat="33.00081" lon="-5.07387"/>
      <trkpt lat="33.00390" lon="-5.07292"/>
      <trkpt lat="33.00640" lon="-5.07284"/>
      <trkpt lat="33.01029" lon="-5.07209"/>
      <trkpt lat="33.01282" lon="-5.07221"/>
      <trkpt lat="33.01503" lon="-5.07185"/>
      <trkpt lat="33.01764" lon="-5.07245"/>
      <trkpt lat="33.01937" lon="-5.07320"/>
      <trkpt lat="33.02095" lon="-5.07256"/>
      <trkpt lat="33.02545" lon="-5.07245"/>
      <trkpt lat="33.02702" lon="-5.07190"/>
      <trkpt lat="33.02860" lon="-5.07179"/>
      <trkpt lat="33.03162" lon="-5.06846"/>
      <trkpt lat="33.03310" lon="-5.06521"/>
      <trkpt lat="33.03746" lon="-5.06108"/>
      <trkpt lat="33.04093" lon="-5.05875"/>
      <trkpt lat="33.04602" lon="-5.05009"/>
      <trkpt lat="33.04699" lon="-5.04741"/>
      <trkpt lat="33.04955" lon="-5.04467"/>
      <trkpt lat="33.06013" lon="-5.03679"/>
      <trkpt lat="33.06145" lon="-5.03462"/>
      <trkpt lat="33.06503" lon="-5.03216"/>
      <trkpt lat="33.06671" lon="-5.03005"/>
      <trkpt lat="33.06780" lon="-5.02919"/>
      <trkpt lat="33.07462" lon="-5.02104"/>
      <trkpt lat="33.07621" lon="-5.02001"/>
      <trkpt lat="33.07799" lon="-5.01953"/>
      <trkpt lat="33.08076" lon="-5.01755"/>
      <trkpt lat="33.08608" lon="-5.01795"/>
      <trkpt lat="33.09021" lon="-5.01889"/>
      <trkpt lat="33.09240" lon="-5.02095"/>
      <trkpt lat="33.09952" lon="-5.02449"/>
      <trkpt lat="33.10144" lon="-5.02498"/>
      <trkpt lat="33.10471" lon="-5.02409"/>
      <trkpt lat="33.10587" lon="-5.02422"/>
      <trkpt lat="33.10880" lon="-5.02623"/>
      <trkpt lat="33.11332" lon="-5.02767"/>
      <trkpt lat="33.11506" lon="-5.02943"/>
      <trkpt lat="33.11628" lon="-5.03007"/>
      <trkpt lat="33.11707" lon="-5.03033"/>
      <trkpt lat="33.12091" lon="-5.02999"/>
      <trkpt lat="33.12207" lon="-5.03036"/>
      <trkpt lat="33.12794" lon="-5.03432"/>
      <trkpt lat="33.13073" lon="-5.03505"/>
      <trkpt lat="33.13265" lon="-5.03737"/>
      <trkpt lat="33.13812" lon="-5.04687"/>
      <trkpt lat="33.14308" lon="-5.05290"/>
      <trkpt lat="33.14398" lon="-5.05382"/>
      <trkpt lat="33.14917" lon="-5.05570"/>
      <trkpt lat="33.14965" lon="-5.05627"/>
      <trkpt lat="33.15138" lon="-5.06196"/>
      <trkpt lat="33.15213" lon="-5.06325"/>
      <trkpt lat="33.15279" lon="-5.06668"/>
      <trkpt lat="33.15344" lon="-5.06766"/>
      <trkpt lat="33.15429" lon="-5.06813"/>
      <trkpt lat="33.15522" lon="-5.06811"/>
      <trkpt lat="33.16023" lon="-5.06583"/>
      <trkpt lat="33.16481" lon="-5.06652"/>
      <trkpt lat="33.17305" lon="-5.06195"/>
      <trkpt lat="33.17723" lon="-5.06161"/>
      <trkpt lat="33.17975" lon="-5.06053"/>
      <trkpt lat="33.18440" lon="-5.06201"/>
      <trkpt lat="33.18609" lon="-5.06219"/>
      <trkpt lat="33.18821" lon="-5.06178"/>
      <trkpt lat="33.19184" lon="-5.06218"/>
      <trkpt lat="33.19448" lon="-5.06339"/>
      <trkpt lat="33.19749" lon="-5.06393"/>
      <trkpt lat="33.19987" lon="-5.06389"/>
      <trkpt lat="33.20890" lon="-5.06091"/>
      <trkpt lat="33.21162" lon="-5.05971"/>
      <trkpt lat="33.22947" lon="-5.06002"/>
      <trkpt lat="33.23178" lon="-5.05830"/>
      <trkpt lat="33.23399" lon="-5.05826"/>
      <trkpt lat="33.23365" lon="-5.06025"/>
      <trkpt lat="33.23457" lon="-5.06029"/>
      <trkpt lat="33.23540" lon="-5.05983"/>
      <trkpt lat="33.23607" lon="-5.06080"/>
      <trkpt lat="33.23718" lon="-5.05996"/>
      <trkpt lat="33.23921" lon="-5.06495"/>
      <trkpt lat="33.24063" lon="-5.07016"/>
      <trkpt lat="33.24185" lon="-5.07161"/>
      <trkpt lat="33.24265" lon="-5.07180"/>
      <trkpt lat="33.25599" lon="-5.07083"/>
      <trkpt lat="33.25856" lon="-5.07228"/>
      <trkpt lat="33.27766" lon="-5.07469"/>
      <trkpt lat="33.28838" lon="-5.07738"/>
      <trkpt lat="33.28966" lon="-5.07818"/>
      <trkpt lat="33.29094" lon="-5.07972"/>
      <trkpt lat="33.29348" lon="-5.08411"/>
      <trkpt lat="33.29957" lon="-5.09560"/>
      <trkpt lat="33.30127" lon="-5.09783"/>
      <trkpt lat="33.30202" lon="-5.09934"/>
      <trkpt lat="33.30322" lon="-5.10335"/>
      <trkpt lat="33.30573" lon="-5.10785"/>
      <trkpt lat="33.31172" lon="-5.11545"/>
      <trkpt lat="33.31560" lon="-5.11779"/>
      <trkpt lat="33.32281" lon="-5.12714"/>
      <trkpt lat="33.32861" lon="-5.13150"/>
      <trkpt lat="33.33450" lon="-5.13313"/>
      <trkpt lat="33.35435" lon="-5.14432"/>
      <trkpt lat="33.35851" lon="-5.14983"/>
      <trkpt lat="33.36398" lon="-5.14980"/>
      <trkpt lat="33.36475" lon="-5.15006"/>
      <trkpt lat="33.38300" lon="-5.16301"/>
      <trkpt lat="33.38856" lon="-5.16519"/>
      <trkpt lat="33.39327" lon="-5.16753"/>
      <trkpt lat="33.39544" lon="-5.16951"/>
      <trkpt lat="33.39762" lon="-5.17305"/>
      <trkpt lat="33.39975" lon="-5.17547"/>
      <trkpt lat="33.40122" lon="-5.17959"/>
      <trkpt lat="33.40518" lon="-5.18428"/>
      <trkpt lat="33.40702" lon="-5.18523"/>
      <trkpt lat="33.40765" lon="-5.18518"/>
      <trkpt lat="33.41515" lon="-5.17964"/>
      <trkpt lat="33.41987" lon="-5.17813"/>
      <trkpt lat="33.42457" lon="-5.17905"/>
      <trkpt lat="33.42583" lon="-5.17832"/>
      <trkpt lat="33.42714" lon="-5.17544"/>
      <trkpt lat="33.42778" lon="-5.17459"/>
      <trkpt lat="33.42876" lon="-5.17412"/>
      <trkpt lat="33.43153" lon="-5.17509"/>
      <trkpt lat="33.43431" lon="-5.18105"/>
      <trkpt lat="33.43503" lon="-5.18555"/>
      <trkpt lat="33.43378" lon="-5.18689"/>
      <trkpt lat="33.42888" lon="-5.18990"/>
      <trkpt lat="33.42609" lon="-5.19225"/>
      <trkpt lat="33.42552" lon="-5.19510"/>
      <trkpt lat="33.42579" lon="-5.19695"/>
      <trkpt lat="33.42784" lon="-5.19910"/>
      <trkpt lat="33.42851" lon="-5.20270"/>
      <trkpt lat="33.42927" lon="-5.20301"/>
      <trkpt lat="33.43114" lon="-5.20267"/>
      <trkpt lat="33.43223" lon="-5.20308"/>
      <trkpt lat="33.43530" lon="-5.20528"/>
      <trkpt lat="33.43750" lon="-5.20863"/>
      <trkpt lat="33.43859" lon="-5.21183"/>
      <trkpt lat="33.43869" lon="-5.21422"/>
      <trkpt lat="33.43841" lon="-5.21573"/>
      <trkpt lat="33.43707" lon="-5.21904"/>
      <trkpt lat="33.43764" lon="-5.22199"/>
      <trkpt lat="33.43726" lon="-5.22296"/>
      <trkpt lat="33.43621" lon="-5.22370"/>
      <trkpt lat="33.43449" lon="-5.22315"/>
      <trkpt lat="33.43336" lon="-5.22224"/>
      <trkpt lat="33.43410" lon="-5.22119"/>
      <trkpt lat="33.43405" lon="-5.22071"/>
      <trkpt lat="33.43364" lon="-5.22055"/>
      <trkpt lat="33.43377" lon="-5.21977"/>
      <trkpt lat="33.43454" lon="-5.21981"/>
      <trkpt lat="33.43495" lon="-5.21950"/>
      <trkpt lat="33.43589" lon="-5.21698"/>
      <trkpt lat="33.43720" lon="-5.21601"/>
      <trkpt lat="33.43863" lon="-5.21250"/>
      <trkpt lat="33.43744" lon="-5.20850"/>
      <trkpt lat="33.43567" lon="-5.20580"/>
      <trkpt lat="33.43836" lon="-5.20576"/>
      <trkpt lat="33.43898" lon="-5.20531"/>
      <trkpt lat="33.44081" lon="-5.20135"/>
      <trkpt lat="33.44136" lon="-5.19908"/>
      <trkpt lat="33.44393" lon="-5.19424"/>
      <trkpt lat="33.44627" lon="-5.18632"/>
      <trkpt lat="33.44615" lon="-5.18206"/>
      <trkpt lat="33.44715" lon="-5.17958"/>
      <trkpt lat="33.44960" lon="-5.17077"/>
      <trkpt lat="33.45503" lon="-5.16750"/>
      <trkpt lat="33.45671" lon="-5.16683"/>
      <trkpt lat="33.45844" lon="-5.16566"/>
      <trkpt lat="33.45989" lon="-5.16520"/>
      <trkpt lat="33.46083" lon="-5.16413"/>
      <trkpt lat="33.46387" lon="-5.16197"/>
      <trkpt lat="33.46450" lon="-5.16193"/>
      <trkpt lat="33.46507" lon="-5.16249"/>
      <trkpt lat="33.46567" lon="-5.16224"/>
      <trkpt lat="33.46616" lon="-5.16130"/>
      <trkpt lat="33.46552" lon="-5.15721"/>
      <trkpt lat="33.46550" lon="-5.15429"/>
      <trkpt lat="33.46627" lon="-5.15064"/>
      <trkpt lat="33.46748" lon="-5.14789"/>
      <trkpt lat="33.47139" lon="-5.14355"/>
      <trkpt lat="33.47271" lon="-5.14301"/>
      <trkpt lat="33.47307" lon="-5.14232"/>
      <trkpt lat="33.47378" lon="-5.14186"/>
      <trkpt lat="33.47407" lon="-5.14105"/>
      <trkpt lat="33.47536" lon="-5.14040"/>
      <trkpt lat="33.47639" lon="-5.14062"/>
      <trkpt lat="33.47666" lon="-5.13869"/>
      <trkpt lat="33.47833" lon="-5.13763"/>
      <trkpt lat="33.47960" lon="-5.13558"/>
      <trkpt lat="33.48082" lon="-5.13491"/>
      <trkpt lat="33.48214" lon="-5.13329"/>
      <trkpt lat="33.48443" lon="-5.13262"/>
      <trkpt lat="33.48774" lon="-5.13019"/>
      <trkpt lat="33.48963" lon="-5.12978"/>
      <trkpt lat="33.49557" lon="-5.12230"/>
      <trkpt lat="33.49659" lon="-5.12141"/>
      <trkpt lat="33.49775" lon="-5.11809"/>
      <trkpt lat="33.50013" lon="-5.11602"/>
      <trkpt lat="33.50142" lon="-5.11292"/>
      <trkpt lat="33.50206" lon="-5.11213"/>
      <trkpt lat="33.50301" lon="-5.11142"/>
      <trkpt lat="33.50446" lon="-5.11142"/>
      <trkpt lat="33.50624" lon="-5.11040"/>
      <trkpt lat="33.50720" lon="-5.11049"/>
      <trkpt lat="33.50921" lon="-5.11334"/>
      <trkpt lat="33.51219" lon="-5.11453"/>
      <trkpt lat="33.51315" lon="-5.11527"/>
      <trkpt lat="33.51496" lon="-5.11882"/>
      <trkpt lat="33.51954" lon="-5.11572"/>
      <trkpt lat="33.52035" lon="-5.11372"/>
      <trkpt lat="33.52303" lon="-5.11109"/>
      <trkpt lat="33.52326" lon="-5.11062"/>
      <trkpt lat="33.52304" lon="-5.11039"/>
      <trkpt lat="33.52211" lon="-5.11087"/>
      <trkpt lat="33.52201" lon="-5.11130"/>
      <trkpt lat="33.52278" lon="-5.11228"/>
      <trkpt lat="33.51909" lon="-5.11614"/>
      <trkpt lat="33.51498" lon="-5.11885"/>
      <trkpt lat="33.51287" lon="-5.11498"/>
      <trkpt lat="33.50888" lon="-5.11307"/>
      <trkpt lat="33.50730" lon="-5.11056"/>
      <trkpt lat="33.50644" lon="-5.11034"/>
      <trkpt lat="33.50458" lon="-5.11137"/>
      <trkpt lat="33.50308" lon="-5.11139"/>
      <trkpt lat="33.50266" lon="-5.11167"/>
      <trkpt lat="33.50149" lon="-5.11277"/>
      <trkpt lat="33.49993" lon="-5.11626"/>
      <trkpt lat="33.49780" lon="-5.11801"/>
      <trkpt lat="33.49665" lon="-5.12134"/>
      <trkpt lat="33.49538" lon="-5.12254"/>
      <trkpt lat="33.48972" lon="-5.12969"/>
      <trkpt lat="33.48753" lon="-5.13029"/>
      <trkpt lat="33.48456" lon="-5.13255"/>
      <trkpt lat="33.48195" lon="-5.13348"/>
      <trkpt lat="33.48060" lon="-5.13506"/>
      <trkpt lat="33.48019" lon="-5.13504"/>
      <trkpt lat="33.47948" lon="-5.13574"/>
      <trkpt lat="33.47855" lon="-5.13743"/>
      <trkpt lat="33.47672" lon="-5.13863"/>
      <trkpt lat="33.47631" lon="-5.14071"/>
      <trkpt lat="33.47520" lon="-5.14042"/>
      <trkpt lat="33.47486" lon="-5.14084"/>
      <trkpt lat="33.47414" lon="-5.14100"/>
      <trkpt lat="33.47385" lon="-5.14181"/>
      <trkpt lat="33.47318" lon="-5.14220"/>
      <trkpt lat="33.47275" lon="-5.14297"/>
      <trkpt lat="33.47146" lon="-5.14350"/>
      <trkpt lat="33.46753" lon="-5.14783"/>
      <trkpt lat="33.46591" lon="-5.15121"/>
      <trkpt lat="33.46547" lon="-5.15691"/>
      <trkpt lat="33.46617" lon="-5.16121"/>
      <trkpt lat="33.46525" lon="-5.16272"/>
      <trkpt lat="33.46455" lon="-5.16196"/>
      <trkpt lat="33.46398" lon="-5.16193"/>
      <trkpt lat="33.46094" lon="-5.16402"/>
      <trkpt lat="33.45997" lon="-5.16514"/>
      <trkpt lat="33.45525" lon="-5.16738"/>
      <trkpt lat="33.44967" lon="-5.17068"/>
      <trkpt lat="33.44924" lon="-5.17146"/>
      <trkpt lat="33.44719" lon="-5.17945"/>
      <trkpt lat="33.44618" lon="-5.18187"/>
      <trkpt lat="33.44621" lon="-5.18663"/>
      <trkpt lat="33.44396" lon="-5.19416"/>
      <trkpt lat="33.44141" lon="-5.19896"/>
      <trkpt lat="33.44088" lon="-5.20115"/>
      <trkpt lat="33.43906" lon="-5.20519"/>
      <trkpt lat="33.43846" lon="-5.20573"/>
      <trkpt lat="33.43605" lon="-5.20610"/>
      <trkpt lat="33.43750" lon="-5.20863"/>
      <trkpt lat="33.43859" lon="-5.21183"/>
      <trkpt lat="33.43869" lon="-5.21422"/>
      <trkpt lat="33.43841" lon="-5.21573"/>
      <trkpt lat="33.43707" lon="-5.21904"/>
      <trkpt lat="33.43764" lon="-5.22199"/>
      <trkpt lat="33.43726" lon="-5.22296"/>
      <trkpt lat="33.43621" lon="-5.22370"/>
      <trkpt lat="33.43449" lon="-5.22315"/>
      <trkpt lat="33.43336" lon="-5.22224"/>
      <trkpt lat="33.43410" lon="-5.22119"/>
      <trkpt lat="33.43405" lon="-5.22071"/>
      <trkpt lat="33.43364" lon="-5.22055"/>
      <trkpt lat="33.43377" lon="-5.21977"/>
      <trkpt lat="33.43454" lon="-5.21981"/>
      <trkpt lat="33.43495" lon="-5.21950"/>
      <trkpt lat="33.43589" lon="-5.21698"/>
      <trkpt lat="33.43720" lon="-5.21601"/>
      <trkpt lat="33.43863" lon="-5.21250"/>
      <trkpt lat="33.43744" lon="-5.20850"/>
      <trkpt lat="33.43562" lon="-5.20580"/>
      <trkpt lat="33.43223" lon="-5.20308"/>
      <trkpt lat="33.43114" lon="-5.20267"/>
      <trkpt lat="33.42927" lon="-5.20301"/>
      <trkpt lat="33.42851" lon="-5.20270"/>
      <trkpt lat="33.42784" lon="-5.19910"/>
      <trkpt lat="33.42579" lon="-5.19695"/>
      <trkpt lat="33.42552" lon="-5.19510"/>
      <trkpt lat="33.42609" lon="-5.19225"/>
      <trkpt lat="33.42888" lon="-5.18990"/>
      <trkpt lat="33.43378" lon="-5.18689"/>
      <trkpt lat="33.43503" lon="-5.18555"/>
      <trkpt lat="33.43431" lon="-5.18105"/>
      <trkpt lat="33.43153" lon="-5.17509"/>
      <trkpt lat="33.42876" lon="-5.17412"/>
      <trkpt lat="33.42778" lon="-5.17459"/>
      <trkpt lat="33.42714" lon="-5.17544"/>
      <trkpt lat="33.42583" lon="-5.17832"/>
      <trkpt lat="33.42457" lon="-5.17905"/>
      <trkpt lat="33.41987" lon="-5.17813"/>
      <trkpt lat="33.41515" lon="-5.17964"/>
      <trkpt lat="33.40765" lon="-5.18518"/>
      <trkpt lat="33.40702" lon="-5.18523"/>
      <trkpt lat="33.40518" lon="-5.18428"/>
      <trkpt lat="33.40122" lon="-5.17959"/>
      <trkpt lat="33.39975" lon="-5.17547"/>
      <trkpt lat="33.39762" lon="-5.17305"/>
      <trkpt lat="33.39544" lon="-5.16951"/>
      <trkpt lat="33.39327" lon="-5.16753"/>
      <trkpt lat="33.38856" lon="-5.16519"/>
      <trkpt lat="33.38300" lon="-5.16301"/>
      <trkpt lat="33.36475" lon="-5.15006"/>
      <trkpt lat="33.36398" lon="-5.14980"/>
      <trkpt lat="33.35851" lon="-5.14983"/>
      <trkpt lat="33.35435" lon="-5.14432"/>
      <trkpt lat="33.33450" lon="-5.13313"/>
      <trkpt lat="33.32861" lon="-5.13150"/>
      <trkpt lat="33.32281" lon="-5.12714"/>
      <trkpt lat="33.31560" lon="-5.11779"/>
      <trkpt lat="33.31172" lon="-5.11545"/>
      <trkpt lat="33.30573" lon="-5.10785"/>
      <trkpt lat="33.30322" lon="-5.10335"/>
      <trkpt lat="33.30202" lon="-5.09934"/>
      <trkpt lat="33.30127" lon="-5.09783"/>
      <trkpt lat="33.29957" lon="-5.09560"/>
      <trkpt lat="33.29348" lon="-5.08411"/>
      <trkpt lat="33.29094" lon="-5.07972"/>
      <trkpt lat="33.28966" lon="-5.07818"/>
      <trkpt lat="33.28838" lon="-5.07738"/>
      <trkpt lat="33.27766" lon="-5.07469"/>
      <trkpt lat="33.25856" lon="-5.07228"/>
      <trkpt lat="33.25599" lon="-5.07083"/>
      <trkpt lat="33.24265" lon="-5.07180"/>
      <trkpt lat="33.24185" lon="-5.07161"/>
      <trkpt lat="33.24063" lon="-5.07016"/>
      <trkpt lat="33.23921" lon="-5.06495"/>
      <trkpt lat="33.23718" lon="-5.05996"/>
      <trkpt lat="33.23569" lon="-5.05868"/>
      <trkpt lat="33.23399" lon="-5.05826"/>
      <trkpt lat="33.23178" lon="-5.05830"/>
      <trkpt lat="33.22947" lon="-5.06002"/>
      <trkpt lat="33.22765" lon="-5.06010"/>
      <trkpt lat="33.21162" lon="-5.05971"/>
      <trkpt lat="33.20890" lon="-5.06091"/>
      <trkpt lat="33.19987" lon="-5.06389"/>
      <trkpt lat="33.19749" lon="-5.06393"/>
      <trkpt lat="33.19448" lon="-5.06339"/>
      <trkpt lat="33.19184" lon="-5.06218"/>
      <trkpt lat="33.18821" lon="-5.06178"/>
      <trkpt lat="33.18609" lon="-5.06219"/>
      <trkpt lat="33.18440" lon="-5.06201"/>
      <trkpt lat="33.17975" lon="-5.06053"/>
      <trkpt lat="33.17723" lon="-5.06161"/>
      <trkpt lat="33.17305" lon="-5.06195"/>
      <trkpt lat="33.16481" lon="-5.06652"/>
      <trkpt lat="33.16023" lon="-5.06583"/>
      <trkpt lat="33.15522" lon="-5.06811"/>
      <trkpt lat="33.15429" lon="-5.06813"/>
      <trkpt lat="33.15344" lon="-5.06766"/>
      <trkpt lat="33.15279" lon="-5.06668"/>
      <trkpt lat="33.15213" lon="-5.06325"/>
      <trkpt lat="33.15138" lon="-5.06196"/>
      <trkpt lat="33.14965" lon="-5.05627"/>
      <trkpt lat="33.14917" lon="-5.05570"/>
      <trkpt lat="33.14398" lon="-5.05382"/>
      <trkpt lat="33.14308" lon="-5.05290"/>
      <trkpt lat="33.13812" lon="-5.04687"/>
      <trkpt lat="33.13265" lon="-5.03737"/>
      <trkpt lat="33.13073" lon="-5.03505"/>
      <trkpt lat="33.12794" lon="-5.03432"/>
      <trkpt lat="33.12207" lon="-5.03036"/>
      <trkpt lat="33.12091" lon="-5.02999"/>
      <trkpt lat="33.11707" lon="-5.03033"/>
      <trkpt lat="33.11628" lon="-5.03007"/>
      <trkpt lat="33.11506" lon="-5.02943"/>
      <trkpt lat="33.11332" lon="-5.02767"/>
      <trkpt lat="33.10880" lon="-5.02623"/>
      <trkpt lat="33.10587" lon="-5.02422"/>
      <trkpt lat="33.10471" lon="-5.02409"/>
      <trkpt lat="33.10144" lon="-5.02498"/>
      <trkpt lat="33.09952" lon="-5.02449"/>
      <trkpt lat="33.09240" lon="-5.02095"/>
      <trkpt lat="33.09021" lon="-5.01889"/>
      <trkpt lat="33.08608" lon="-5.01795"/>
      <trkpt lat="33.08076" lon="-5.01755"/>
      <trkpt lat="33.07799" lon="-5.01953"/>
      <trkpt lat="33.07621" lon="-5.02001"/>
      <trkpt lat="33.07462" lon="-5.02104"/>
      <trkpt lat="33.06780" lon="-5.02919"/>
      <trkpt lat="33.06671" lon="-5.03005"/>
      <trkpt lat="33.06503" lon="-5.03216"/>
      <trkpt lat="33.06145" lon="-5.03462"/>
      <trkpt lat="33.06013" lon="-5.03679"/>
      <trkpt lat="33.04955" lon="-5.04467"/>
      <trkpt lat="33.04699" lon="-5.04741"/>
      <trkpt lat="33.04602" lon="-5.05009"/>
      <trkpt lat="33.04093" lon="-5.05875"/>
      <trkpt lat="33.03746" lon="-5.06108"/>
      <trkpt lat="33.03310" lon="-5.06521"/>
      <trkpt lat="33.03162" lon="-5.06846"/>
      <trkpt lat="33.02860" lon="-5.07179"/>
      <trkpt lat="33.02702" lon="-5.07190"/>
      <trkpt lat="33.02545" lon="-5.07245"/>
      <trkpt lat="33.02095" lon="-5.07256"/>
      <trkpt lat="33.01937" lon="-5.07320"/>
      <trkpt lat="33.01764" lon="-5.07245"/>
      <trkpt lat="33.01503" lon="-5.07185"/>
      <trkpt lat="33.01282" lon="-5.07221"/>
      <trkpt lat="33.01029" lon="-5.07209"/>
      <trkpt lat="33.00640" lon="-5.07284"/>
      <trkpt lat="33.00390" lon="-5.07292"/>
      <trkpt lat="33.00081" lon="-5.07387"/>
      <trkpt lat="32.99988" lon="-5.07462"/>
      <trkpt lat="32.99885" lon="-5.07362"/>
      <trkpt lat="32.99562" lon="-5.07308"/>
      <trkpt lat="32.99366" lon="-5.07065"/>
      <trkpt lat="32.99275" lon="-5.07036"/>
      <trkpt lat="32.98709" lon="-5.07107"/>
      <trkpt lat="32.98520" lon="-5.06825"/>
      <trkpt lat="32.98375" lon="-5.06718"/>
      <trkpt lat="32.98249" lon="-5.06690"/>
      <trkpt lat="32.98157" lon="-5.06565"/>
      <trkpt lat="32.97998" lon="-5.06577"/>
      <trkpt lat="32.97941" lon="-5.06549"/>
      <trkpt lat="32.97833" lon="-5.06407"/>
      <trkpt lat="32.97716" lon="-5.06326"/>
      <trkpt lat="32.97590" lon="-5.06085"/>
      <trkpt lat="32.97425" lon="-5.05982"/>
      <trkpt lat="32.97400" lon="-5.05853"/>
      <trkpt lat="32.97260" lon="-5.05712"/>
      <trkpt lat="32.97032" lon="-5.05757"/>
      <trkpt lat="32.96928" lon="-5.05821"/>
      <trkpt lat="32.96486" lon="-5.05646"/>
      <trkpt lat="32.96203" lon="-5.05571"/>
      <trkpt lat="32.95876" lon="-5.05335"/>
      <trkpt lat="32.95775" lon="-5.05297"/>
      <trkpt lat="32.95577" lon="-5.05313"/>
      <trkpt lat="32.95405" lon="-5.05373"/>
      <trkpt lat="32.94540" lon="-5.05941"/>
      <trkpt lat="32.94095" lon="-5.06075"/>
      <trkpt lat="32.94001" lon="-5.06078"/>
      <trkpt lat="32.93854" lon="-5.05779"/>
      <trkpt lat="32.93734" lon="-5.05736"/>
      <trkpt lat="32.93336" lon="-5.05467"/>
      <trkpt lat="32.93223" lon="-5.05446"/>
      <trkpt lat="32.93145" lon="-5.05394"/>
      <trkpt lat="32.92993" lon="-5.05110"/>
      <trkpt lat="32.90820" lon="-5.03048"/>
      <trkpt lat="32.90193" lon="-5.02410"/>
      <trkpt lat="32.88672" lon="-4.97438"/>
      <trkpt lat="32.88514" lon="-4.95984"/>
      <trkpt lat="32.88312" lon="-4.95695"/>
      <trkpt lat="32.88134" lon="-4.95275"/>
      <trkpt lat="32.87729" lon="-4.94663"/>
      <trkpt lat="32.87596" lon="-4.94557"/>
      <trkpt lat="32.86995" lon="-4.94386"/>
      <trkpt lat="32.86780" lon="-4.94403"/>
      <trkpt lat="32.85988" lon="-4.94559"/>
      <trkpt lat="32.84975" lon="-4.94841"/>
      <trkpt lat="32.84841" lon="-4.94928"/>
      <trkpt lat="32.84670" lon="-4.95112"/>
      <trkpt lat="32.84344" lon="-4.95255"/>
      <trkpt lat="32.83316" lon="-4.96077"/>
      <trkpt lat="32.82351" lon="-4.96134"/>
      <trkpt lat="32.82080" lon="-4.95976"/>
      <trkpt lat="32.81838" lon="-4.95969"/>
      <trkpt lat="32.81649" lon="-4.95852"/>
      <trkpt lat="32.80175" lon="-4.94583"/>
      <trkpt lat="32.79481" lon="-4.94257"/>
      <trkpt lat="32.79421" lon="-4.94209"/>
      <trkpt lat="32.79092" lon="-4.93715"/>
      <trkpt lat="32.75682" lon="-4.92623"/>
      <trkpt lat="32.75524" lon="-4.92440"/>
      <trkpt lat="32.74791" lon="-4.91392"/>
      <trkpt lat="32.74685" lon="-4.91329"/>
      <trkpt lat="32.74353" lon="-4.91284"/>
      <trkpt lat="32.73573" lon="-4.90947"/>
      <trkpt lat="32.73242" lon="-4.90487"/>
      <trkpt lat="32.72101" lon="-4.88739"/>
      <trkpt lat="32.71839" lon="-4.88509"/>
      <trkpt lat="32.71032" lon="-4.87291"/>
      <trkpt lat="32.70961" lon="-4.87139"/>
      <trkpt lat="32.70464" lon="-4.85051"/>
      <trkpt lat="32.69884" lon="-4.84432"/>
      <trkpt lat="32.69793" lon="-4.84291"/>
      <trkpt lat="32.69745" lon="-4.82401"/>
      <trkpt lat="32.69886" lon="-4.81288"/>
      <trkpt lat="32.70466" lon="-4.80475"/>
      <trkpt lat="32.70653" lon="-4.79656"/>
      <trkpt lat="32.70573" lon="-4.77936"/>
      <trkpt lat="32.70248" lon="-4.77369"/>
      <trkpt lat="32.70069" lon="-4.76468"/>
      <trkpt lat="32.70107" lon="-4.76022"/>
      <trkpt lat="32.69848" lon="-4.75455"/>
      <trkpt lat="32.69757" lon="-4.75378"/>
      <trkpt lat="32.69483" lon="-4.75310"/>
      <trkpt lat="32.69262" lon="-4.75146"/>
      <trkpt lat="32.68624" lon="-4.74403"/>
      <trkpt lat="32.68353" lon="-4.74308"/>
      <trkpt lat="32.68028" lon="-4.74333"/>
      <trkpt lat="32.68036" lon="-4.74405"/>
    </trkseg>
  </trk>
  <trk><name>Day 4 · Midelt → Ziz → Merzouga (285)</name><desc>Day 4 - follows the actual roads</desc>
    <trkseg>
      <trkpt lat="32.68036" lon="-4.74405"/>
      <trkpt lat="32.68029" lon="-4.74216"/>
      <trkpt lat="32.67944" lon="-4.74048"/>
      <trkpt lat="32.67933" lon="-4.73810"/>
      <trkpt lat="32.67969" lon="-4.73619"/>
      <trkpt lat="32.67949" lon="-4.73448"/>
      <trkpt lat="32.67861" lon="-4.73145"/>
      <trkpt lat="32.68029" lon="-4.72466"/>
      <trkpt lat="32.68102" lon="-4.71990"/>
      <trkpt lat="32.68112" lon="-4.71637"/>
      <trkpt lat="32.68295" lon="-4.70847"/>
      <trkpt lat="32.68314" lon="-4.70644"/>
      <trkpt lat="32.68282" lon="-4.70215"/>
      <trkpt lat="32.68339" lon="-4.69256"/>
      <trkpt lat="32.68071" lon="-4.68055"/>
      <trkpt lat="32.67916" lon="-4.67104"/>
      <trkpt lat="32.67912" lon="-4.65532"/>
      <trkpt lat="32.67862" lon="-4.65216"/>
      <trkpt lat="32.67702" lon="-4.64705"/>
      <trkpt lat="32.65955" lon="-4.60928"/>
      <trkpt lat="32.65720" lon="-4.60204"/>
      <trkpt lat="32.65654" lon="-4.59815"/>
      <trkpt lat="32.65673" lon="-4.58918"/>
      <trkpt lat="32.65927" lon="-4.58513"/>
      <trkpt lat="32.65949" lon="-4.58395"/>
      <trkpt lat="32.65588" lon="-4.57341"/>
      <trkpt lat="32.65463" lon="-4.57041"/>
      <trkpt lat="32.65284" lon="-4.56786"/>
      <trkpt lat="32.63451" lon="-4.55051"/>
      <trkpt lat="32.62700" lon="-4.54527"/>
      <trkpt lat="32.62665" lon="-4.54418"/>
      <trkpt lat="32.62696" lon="-4.54270"/>
      <trkpt lat="32.62684" lon="-4.54011"/>
      <trkpt lat="32.62639" lon="-4.53944"/>
      <trkpt lat="32.62545" lon="-4.53894"/>
      <trkpt lat="32.62522" lon="-4.53826"/>
      <trkpt lat="32.62543" lon="-4.53774"/>
      <trkpt lat="32.62684" lon="-4.53704"/>
      <trkpt lat="32.62804" lon="-4.53692"/>
      <trkpt lat="32.62994" lon="-4.53357"/>
      <trkpt lat="32.62966" lon="-4.53254"/>
      <trkpt lat="32.62784" lon="-4.53260"/>
      <trkpt lat="32.62695" lon="-4.53360"/>
      <trkpt lat="32.62536" lon="-4.53395"/>
      <trkpt lat="32.62414" lon="-4.53354"/>
      <trkpt lat="32.62310" lon="-4.53232"/>
      <trkpt lat="32.62171" lon="-4.53245"/>
      <trkpt lat="32.62069" lon="-4.53315"/>
      <trkpt lat="32.62021" lon="-4.53308"/>
      <trkpt lat="32.61890" lon="-4.53189"/>
      <trkpt lat="32.61719" lon="-4.53101"/>
      <trkpt lat="32.61142" lon="-4.52899"/>
      <trkpt lat="32.60935" lon="-4.52906"/>
      <trkpt lat="32.60866" lon="-4.52834"/>
      <trkpt lat="32.60847" lon="-4.52713"/>
      <trkpt lat="32.60812" lon="-4.52676"/>
      <trkpt lat="32.60763" lon="-4.52679"/>
      <trkpt lat="32.60590" lon="-4.52829"/>
      <trkpt lat="32.60399" lon="-4.52762"/>
      <trkpt lat="32.60238" lon="-4.53002"/>
      <trkpt lat="32.60061" lon="-4.53069"/>
      <trkpt lat="32.59834" lon="-4.53019"/>
      <trkpt lat="32.59561" lon="-4.52826"/>
      <trkpt lat="32.59319" lon="-4.52235"/>
      <trkpt lat="32.59256" lon="-4.51839"/>
      <trkpt lat="32.59277" lon="-4.51090"/>
      <trkpt lat="32.59334" lon="-4.50676"/>
      <trkpt lat="32.59288" lon="-4.50367"/>
      <trkpt lat="32.58651" lon="-4.49542"/>
      <trkpt lat="32.57503" lon="-4.48789"/>
      <trkpt lat="32.57389" lon="-4.48760"/>
      <trkpt lat="32.56914" lon="-4.48804"/>
      <trkpt lat="32.56546" lon="-4.48904"/>
      <trkpt lat="32.54660" lon="-4.48768"/>
      <trkpt lat="32.53998" lon="-4.48615"/>
      <trkpt lat="32.53310" lon="-4.48396"/>
      <trkpt lat="32.52734" lon="-4.48280"/>
      <trkpt lat="32.52144" lon="-4.48209"/>
      <trkpt lat="32.50312" lon="-4.48372"/>
      <trkpt lat="32.47534" lon="-4.49254"/>
      <trkpt lat="32.46872" lon="-4.49732"/>
      <trkpt lat="32.46380" lon="-4.49848"/>
      <trkpt lat="32.46088" lon="-4.50065"/>
      <trkpt lat="32.46001" lon="-4.50081"/>
      <trkpt lat="32.45675" lon="-4.49842"/>
      <trkpt lat="32.45391" lon="-4.49922"/>
      <trkpt lat="32.45255" lon="-4.49845"/>
      <trkpt lat="32.45227" lon="-4.49771"/>
      <trkpt lat="32.45305" lon="-4.49536"/>
      <trkpt lat="32.45271" lon="-4.49383"/>
      <trkpt lat="32.45147" lon="-4.49256"/>
      <trkpt lat="32.45075" lon="-4.48973"/>
      <trkpt lat="32.44969" lon="-4.48850"/>
      <trkpt lat="32.44815" lon="-4.48711"/>
      <trkpt lat="32.44686" lon="-4.48662"/>
      <trkpt lat="32.44282" lon="-4.48747"/>
      <trkpt lat="32.44026" lon="-4.48453"/>
      <trkpt lat="32.43474" lon="-4.48125"/>
      <trkpt lat="32.43388" lon="-4.48020"/>
      <trkpt lat="32.43342" lon="-4.47896"/>
      <trkpt lat="32.43391" lon="-4.47651"/>
      <trkpt lat="32.43311" lon="-4.47409"/>
      <trkpt lat="32.43201" lon="-4.47349"/>
      <trkpt lat="32.43084" lon="-4.47350"/>
      <trkpt lat="32.42969" lon="-4.47383"/>
      <trkpt lat="32.42127" lon="-4.47979"/>
      <trkpt lat="32.40155" lon="-4.49625"/>
      <trkpt lat="32.39708" lon="-4.49955"/>
      <trkpt lat="32.39435" lon="-4.50271"/>
      <trkpt lat="32.39345" lon="-4.50330"/>
      <trkpt lat="32.39258" lon="-4.50344"/>
      <trkpt lat="32.38661" lon="-4.50270"/>
      <trkpt lat="32.38541" lon="-4.50321"/>
      <trkpt lat="32.33183" lon="-4.55189"/>
      <trkpt lat="32.33100" lon="-4.55235"/>
      <trkpt lat="32.32960" lon="-4.55234"/>
      <trkpt lat="32.32767" lon="-4.55124"/>
      <trkpt lat="32.32623" lon="-4.54938"/>
      <trkpt lat="32.32459" lon="-4.54976"/>
      <trkpt lat="32.32359" lon="-4.54941"/>
      <trkpt lat="32.32160" lon="-4.54952"/>
      <trkpt lat="32.31808" lon="-4.54745"/>
      <trkpt lat="32.31120" lon="-4.54481"/>
      <trkpt lat="32.30627" lon="-4.54162"/>
      <trkpt lat="32.30570" lon="-4.54094"/>
      <trkpt lat="32.30168" lon="-4.53335"/>
      <trkpt lat="32.28223" lon="-4.50302"/>
      <trkpt lat="32.27452" lon="-4.48598"/>
      <trkpt lat="32.26161" lon="-4.49462"/>
      <trkpt lat="32.26039" lon="-4.49657"/>
      <trkpt lat="32.25909" lon="-4.50586"/>
      <trkpt lat="32.25789" lon="-4.50600"/>
      <trkpt lat="32.25807" lon="-4.50694"/>
      <trkpt lat="32.25835" lon="-4.50707"/>
      <trkpt lat="32.25904" lon="-4.50566"/>
      <trkpt lat="32.26027" lon="-4.49706"/>
      <trkpt lat="32.26174" lon="-4.49445"/>
      <trkpt lat="32.27444" lon="-4.48572"/>
      <trkpt lat="32.27368" lon="-4.47388"/>
      <trkpt lat="32.26454" lon="-4.45785"/>
      <trkpt lat="32.26299" lon="-4.45390"/>
      <trkpt lat="32.26279" lon="-4.45257"/>
      <trkpt lat="32.26246" lon="-4.44594"/>
      <trkpt lat="32.26318" lon="-4.44218"/>
      <trkpt lat="32.26613" lon="-4.43105"/>
      <trkpt lat="32.26631" lon="-4.41387"/>
      <trkpt lat="32.26567" lon="-4.41277"/>
      <trkpt lat="32.26456" lon="-4.41227"/>
      <trkpt lat="32.26174" lon="-4.41333"/>
      <trkpt lat="32.26040" lon="-4.41323"/>
      <trkpt lat="32.25975" lon="-4.41280"/>
      <trkpt lat="32.25883" lon="-4.41139"/>
      <trkpt lat="32.25884" lon="-4.40758"/>
      <trkpt lat="32.26106" lon="-4.39609"/>
      <trkpt lat="32.26100" lon="-4.39482"/>
      <trkpt lat="32.26060" lon="-4.39377"/>
      <trkpt lat="32.25785" lon="-4.39114"/>
      <trkpt lat="32.25597" lon="-4.38795"/>
      <trkpt lat="32.25477" lon="-4.38697"/>
      <trkpt lat="32.25294" lon="-4.38685"/>
      <trkpt lat="32.24500" lon="-4.39302"/>
      <trkpt lat="32.23410" lon="-4.39898"/>
      <trkpt lat="32.23155" lon="-4.39935"/>
      <trkpt lat="32.22899" lon="-4.39843"/>
      <trkpt lat="32.20900" lon="-4.38723"/>
      <trkpt lat="32.19559" lon="-4.37658"/>
      <trkpt lat="32.18908" lon="-4.36938"/>
      <trkpt lat="32.18480" lon="-4.36611"/>
      <trkpt lat="32.18217" lon="-4.36331"/>
      <trkpt lat="32.18139" lon="-4.36287"/>
      <trkpt lat="32.17704" lon="-4.36267"/>
      <trkpt lat="32.17559" lon="-4.36402"/>
      <trkpt lat="32.17500" lon="-4.36635"/>
      <trkpt lat="32.17451" lon="-4.36707"/>
      <trkpt lat="32.17415" lon="-4.36910"/>
      <trkpt lat="32.17370" lon="-4.36902"/>
      <trkpt lat="32.17300" lon="-4.36790"/>
      <trkpt lat="32.17127" lon="-4.36788"/>
      <trkpt lat="32.17010" lon="-4.36883"/>
      <trkpt lat="32.16918" lon="-4.37045"/>
      <trkpt lat="32.16850" lon="-4.37086"/>
      <trkpt lat="32.16751" lon="-4.37012"/>
      <trkpt lat="32.16508" lon="-4.36710"/>
      <trkpt lat="32.16175" lon="-4.36405"/>
      <trkpt lat="32.16035" lon="-4.36332"/>
      <trkpt lat="32.15827" lon="-4.36322"/>
      <trkpt lat="32.15705" lon="-4.36376"/>
      <trkpt lat="32.15525" lon="-4.36559"/>
      <trkpt lat="32.15449" lon="-4.36830"/>
      <trkpt lat="32.15405" lon="-4.37376"/>
      <trkpt lat="32.15320" lon="-4.37489"/>
      <trkpt lat="32.15252" lon="-4.37511"/>
      <trkpt lat="32.15042" lon="-4.37460"/>
      <trkpt lat="32.14877" lon="-4.37299"/>
      <trkpt lat="32.14751" lon="-4.37087"/>
      <trkpt lat="32.14692" lon="-4.36806"/>
      <trkpt lat="32.14570" lon="-4.36624"/>
      <trkpt lat="32.14454" lon="-4.36537"/>
      <trkpt lat="32.14068" lon="-4.36361"/>
      <trkpt lat="32.13990" lon="-4.36338"/>
      <trkpt lat="32.13582" lon="-4.36367"/>
      <trkpt lat="32.13266" lon="-4.36507"/>
      <trkpt lat="32.13009" lon="-4.36574"/>
      <trkpt lat="32.12785" lon="-4.36590"/>
      <trkpt lat="32.12522" lon="-4.36430"/>
      <trkpt lat="32.12244" lon="-4.36438"/>
      <trkpt lat="32.11825" lon="-4.36268"/>
      <trkpt lat="32.11723" lon="-4.36261"/>
      <trkpt lat="32.11045" lon="-4.36477"/>
      <trkpt lat="32.10763" lon="-4.36453"/>
      <trkpt lat="32.10448" lon="-4.36531"/>
      <trkpt lat="32.09998" lon="-4.36561"/>
      <trkpt lat="32.09883" lon="-4.36610"/>
      <trkpt lat="32.09712" lon="-4.36788"/>
      <trkpt lat="32.09466" lon="-4.37189"/>
      <trkpt lat="32.09360" lon="-4.37770"/>
      <trkpt lat="32.09134" lon="-4.38112"/>
      <trkpt lat="32.08686" lon="-4.38032"/>
      <trkpt lat="32.08555" lon="-4.38048"/>
      <trkpt lat="32.08284" lon="-4.38169"/>
      <trkpt lat="32.08221" lon="-4.38227"/>
      <trkpt lat="32.08074" lon="-4.38700"/>
      <trkpt lat="32.07989" lon="-4.38825"/>
      <trkpt lat="32.07750" lon="-4.38862"/>
      <trkpt lat="32.07322" lon="-4.38828"/>
      <trkpt lat="32.06925" lon="-4.39067"/>
      <trkpt lat="32.06685" lon="-4.39410"/>
      <trkpt lat="32.06622" lon="-4.39839"/>
      <trkpt lat="32.06535" lon="-4.40085"/>
      <trkpt lat="32.06241" lon="-4.40485"/>
      <trkpt lat="32.05819" lon="-4.40786"/>
      <trkpt lat="32.05544" lon="-4.40868"/>
      <trkpt lat="32.05344" lon="-4.41024"/>
      <trkpt lat="32.05272" lon="-4.41016"/>
      <trkpt lat="32.05218" lon="-4.40952"/>
      <trkpt lat="32.05177" lon="-4.40730"/>
      <trkpt lat="32.05014" lon="-4.40486"/>
      <trkpt lat="32.04919" lon="-4.40272"/>
      <trkpt lat="32.04800" lon="-4.40237"/>
      <trkpt lat="32.04702" lon="-4.40298"/>
      <trkpt lat="32.04666" lon="-4.40482"/>
      <trkpt lat="32.04715" lon="-4.40906"/>
      <trkpt lat="32.04318" lon="-4.41680"/>
      <trkpt lat="32.04068" lon="-4.41947"/>
      <trkpt lat="32.03987" lon="-4.42248"/>
      <trkpt lat="32.03647" lon="-4.42513"/>
      <trkpt lat="32.03526" lon="-4.42693"/>
      <trkpt lat="32.03447" lon="-4.42753"/>
      <trkpt lat="32.03171" lon="-4.42852"/>
      <trkpt lat="32.03055" lon="-4.42956"/>
      <trkpt lat="32.02936" lon="-4.43209"/>
      <trkpt lat="32.02739" lon="-4.44656"/>
      <trkpt lat="32.02772" lon="-4.44786"/>
      <trkpt lat="32.02845" lon="-4.44902"/>
      <trkpt lat="32.03081" lon="-4.45120"/>
      <trkpt lat="32.03139" lon="-4.45233"/>
      <trkpt lat="32.03156" lon="-4.45359"/>
      <trkpt lat="32.03076" lon="-4.45584"/>
      <trkpt lat="32.02657" lon="-4.45880"/>
      <trkpt lat="32.02557" lon="-4.46026"/>
      <trkpt lat="32.02491" lon="-4.46227"/>
      <trkpt lat="32.02501" lon="-4.46504"/>
      <trkpt lat="32.02625" lon="-4.47114"/>
      <trkpt lat="32.02610" lon="-4.47307"/>
      <trkpt lat="32.02508" lon="-4.47557"/>
      <trkpt lat="32.02301" lon="-4.47757"/>
      <trkpt lat="32.01425" lon="-4.48148"/>
      <trkpt lat="31.99210" lon="-4.49603"/>
      <trkpt lat="31.98967" lon="-4.49732"/>
      <trkpt lat="31.98540" lon="-4.49811"/>
      <trkpt lat="31.98291" lon="-4.49784"/>
      <trkpt lat="31.98084" lon="-4.49718"/>
      <trkpt lat="31.97480" lon="-4.49334"/>
      <trkpt lat="31.96200" lon="-4.48357"/>
      <trkpt lat="31.94192" lon="-4.46179"/>
      <trkpt lat="31.93752" lon="-4.45770"/>
      <trkpt lat="31.93032" lon="-4.45234"/>
      <trkpt lat="31.93062" lon="-4.44863"/>
      <trkpt lat="31.92984" lon="-4.44445"/>
      <trkpt lat="31.92510" lon="-4.44190"/>
      <trkpt lat="31.92396" lon="-4.43884"/>
      <trkpt lat="31.92300" lon="-4.43353"/>
      <trkpt lat="31.93038" lon="-4.42596"/>
      <trkpt lat="31.93095" lon="-4.42505"/>
      <trkpt lat="31.93099" lon="-4.42422"/>
      <trkpt lat="31.93161" lon="-4.42443"/>
      <trkpt lat="31.93149" lon="-4.42368"/>
      <trkpt lat="31.93662" lon="-4.42195"/>
      <trkpt lat="31.93962" lon="-4.41864"/>
      <trkpt lat="31.94133" lon="-4.41275"/>
      <trkpt lat="31.94182" lon="-4.41002"/>
      <trkpt lat="31.93962" lon="-4.40757"/>
      <trkpt lat="31.93692" lon="-4.40527"/>
      <trkpt lat="31.93367" lon="-4.39964"/>
      <trkpt lat="31.93145" lon="-4.39365"/>
      <trkpt lat="31.91077" lon="-4.36236"/>
      <trkpt lat="31.90269" lon="-4.34939"/>
      <trkpt lat="31.90100" lon="-4.34607"/>
      <trkpt lat="31.89850" lon="-4.33694"/>
      <trkpt lat="31.89640" lon="-4.33231"/>
      <trkpt lat="31.87487" lon="-4.30293"/>
      <trkpt lat="31.86439" lon="-4.28646"/>
      <trkpt lat="31.86077" lon="-4.27609"/>
      <trkpt lat="31.86064" lon="-4.27297"/>
      <trkpt lat="31.86097" lon="-4.27006"/>
      <trkpt lat="31.86018" lon="-4.26748"/>
      <trkpt lat="31.85812" lon="-4.26573"/>
      <trkpt lat="31.85200" lon="-4.26158"/>
      <trkpt lat="31.85122" lon="-4.26037"/>
      <trkpt lat="31.84994" lon="-4.25695"/>
      <trkpt lat="31.84748" lon="-4.25313"/>
      <trkpt lat="31.84515" lon="-4.25029"/>
      <trkpt lat="31.84235" lon="-4.24822"/>
      <trkpt lat="31.80034" lon="-4.23570"/>
      <trkpt lat="31.79919" lon="-4.23578"/>
      <trkpt lat="31.79055" lon="-4.23861"/>
      <trkpt lat="31.78981" lon="-4.23849"/>
      <trkpt lat="31.78904" lon="-4.23781"/>
      <trkpt lat="31.78557" lon="-4.22928"/>
      <trkpt lat="31.78274" lon="-4.22627"/>
      <trkpt lat="31.77827" lon="-4.22263"/>
      <trkpt lat="31.77389" lon="-4.22053"/>
      <trkpt lat="31.77290" lon="-4.21967"/>
      <trkpt lat="31.76972" lon="-4.21421"/>
      <trkpt lat="31.76728" lon="-4.21207"/>
      <trkpt lat="31.76332" lon="-4.20211"/>
      <trkpt lat="31.76094" lon="-4.19944"/>
      <trkpt lat="31.75868" lon="-4.19765"/>
      <trkpt lat="31.75570" lon="-4.19647"/>
      <trkpt lat="31.75105" lon="-4.19643"/>
      <trkpt lat="31.74922" lon="-4.19590"/>
      <trkpt lat="31.74804" lon="-4.19509"/>
      <trkpt lat="31.74729" lon="-4.19521"/>
      <trkpt lat="31.74418" lon="-4.19789"/>
      <trkpt lat="31.74096" lon="-4.19866"/>
      <trkpt lat="31.73786" lon="-4.19806"/>
      <trkpt lat="31.73506" lon="-4.19820"/>
      <trkpt lat="31.73033" lon="-4.19763"/>
      <trkpt lat="31.72839" lon="-4.19681"/>
      <trkpt lat="31.72690" lon="-4.19200"/>
      <trkpt lat="31.72485" lon="-4.18955"/>
      <trkpt lat="31.72408" lon="-4.18788"/>
      <trkpt lat="31.72014" lon="-4.18489"/>
      <trkpt lat="31.71524" lon="-4.18183"/>
      <trkpt lat="31.71458" lon="-4.18198"/>
      <trkpt lat="31.71396" lon="-4.18281"/>
      <trkpt lat="31.70893" lon="-4.18633"/>
      <trkpt lat="31.70685" lon="-4.18854"/>
      <trkpt lat="31.70598" lon="-4.18888"/>
      <trkpt lat="31.70181" lon="-4.18883"/>
      <trkpt lat="31.69904" lon="-4.18648"/>
      <trkpt lat="31.69723" lon="-4.18387"/>
      <trkpt lat="31.69034" lon="-4.18129"/>
      <trkpt lat="31.68681" lon="-4.17869"/>
      <trkpt lat="31.68419" lon="-4.17823"/>
      <trkpt lat="31.68335" lon="-4.17887"/>
      <trkpt lat="31.68236" lon="-4.18088"/>
      <trkpt lat="31.67829" lon="-4.18554"/>
      <trkpt lat="31.67509" lon="-4.18839"/>
      <trkpt lat="31.67159" lon="-4.19011"/>
      <trkpt lat="31.66826" lon="-4.19102"/>
      <trkpt lat="31.66840" lon="-4.19169"/>
      <trkpt lat="31.67003" lon="-4.19334"/>
      <trkpt lat="31.67049" lon="-4.19424"/>
      <trkpt lat="31.67479" lon="-4.19843"/>
      <trkpt lat="31.67524" lon="-4.19970"/>
      <trkpt lat="31.67518" lon="-4.20082"/>
      <trkpt lat="31.67185" lon="-4.20153"/>
      <trkpt lat="31.66904" lon="-4.20065"/>
      <trkpt lat="31.66447" lon="-4.20176"/>
      <trkpt lat="31.66155" lon="-4.20286"/>
      <trkpt lat="31.66086" lon="-4.20443"/>
      <trkpt lat="31.65891" lon="-4.20523"/>
      <trkpt lat="31.65620" lon="-4.20771"/>
      <trkpt lat="31.65501" lon="-4.20718"/>
      <trkpt lat="31.65274" lon="-4.20700"/>
      <trkpt lat="31.65160" lon="-4.20755"/>
      <trkpt lat="31.64988" lon="-4.20918"/>
      <trkpt lat="31.65143" lon="-4.21104"/>
      <trkpt lat="31.65176" lon="-4.21196"/>
      <trkpt lat="31.65264" lon="-4.21258"/>
      <trkpt lat="31.65327" lon="-4.21467"/>
      <trkpt lat="31.65425" lon="-4.21624"/>
      <trkpt lat="31.65493" lon="-4.21703"/>
      <trkpt lat="31.65694" lon="-4.21801"/>
      <trkpt lat="31.65803" lon="-4.21936"/>
      <trkpt lat="31.65707" lon="-4.21810"/>
      <trkpt lat="31.65506" lon="-4.21711"/>
      <trkpt lat="31.65406" lon="-4.21597"/>
      <trkpt lat="31.65322" lon="-4.21450"/>
      <trkpt lat="31.65274" lon="-4.21275"/>
      <trkpt lat="31.65187" lon="-4.21209"/>
      <trkpt lat="31.65084" lon="-4.21030"/>
      <trkpt lat="31.64960" lon="-4.21026"/>
      <trkpt lat="31.64410" lon="-4.21441"/>
      <trkpt lat="31.62867" lon="-4.22309"/>
      <trkpt lat="31.62797" lon="-4.22344"/>
      <trkpt lat="31.62602" lon="-4.22346"/>
      <trkpt lat="31.62079" lon="-4.22632"/>
      <trkpt lat="31.61952" lon="-4.22666"/>
      <trkpt lat="31.61870" lon="-4.22544"/>
      <trkpt lat="31.61591" lon="-4.22296"/>
      <trkpt lat="31.61604" lon="-4.22089"/>
      <trkpt lat="31.61560" lon="-4.21968"/>
      <trkpt lat="31.61501" lon="-4.21936"/>
      <trkpt lat="31.61450" lon="-4.21781"/>
      <trkpt lat="31.61408" lon="-4.21183"/>
      <trkpt lat="31.61445" lon="-4.20984"/>
      <trkpt lat="31.61339" lon="-4.20710"/>
      <trkpt lat="31.61139" lon="-4.20651"/>
      <trkpt lat="31.60301" lon="-4.20643"/>
      <trkpt lat="31.60176" lon="-4.20613"/>
      <trkpt lat="31.59460" lon="-4.20299"/>
      <trkpt lat="31.58216" lon="-4.19654"/>
      <trkpt lat="31.56324" lon="-4.18573"/>
      <trkpt lat="31.55978" lon="-4.18420"/>
      <trkpt lat="31.54622" lon="-4.18489"/>
      <trkpt lat="31.54013" lon="-4.18617"/>
      <trkpt lat="31.53739" lon="-4.18539"/>
      <trkpt lat="31.52910" lon="-4.18480"/>
      <trkpt lat="31.52754" lon="-4.18545"/>
      <trkpt lat="31.52074" lon="-4.18987"/>
      <trkpt lat="31.50692" lon="-4.20210"/>
      <trkpt lat="31.50581" lon="-4.20237"/>
      <trkpt lat="31.49916" lon="-4.20184"/>
      <trkpt lat="31.49497" lon="-4.20398"/>
      <trkpt lat="31.48371" lon="-4.21649"/>
      <trkpt lat="31.48282" lon="-4.21679"/>
      <trkpt lat="31.48104" lon="-4.21678"/>
      <trkpt lat="31.47298" lon="-4.21638"/>
      <trkpt lat="31.46933" lon="-4.21742"/>
      <trkpt lat="31.46809" lon="-4.21633"/>
      <trkpt lat="31.46589" lon="-4.21716"/>
      <trkpt lat="31.46430" lon="-4.21659"/>
      <trkpt lat="31.46356" lon="-4.21675"/>
      <trkpt lat="31.45877" lon="-4.22136"/>
      <trkpt lat="31.45681" lon="-4.22245"/>
      <trkpt lat="31.45238" lon="-4.22582"/>
      <trkpt lat="31.44958" lon="-4.22639"/>
      <trkpt lat="31.44572" lon="-4.22804"/>
      <trkpt lat="31.44235" lon="-4.23015"/>
      <trkpt lat="31.43472" lon="-4.23375"/>
      <trkpt lat="31.43650" lon="-4.23743"/>
      <trkpt lat="31.43653" lon="-4.23818"/>
      <trkpt lat="31.43714" lon="-4.23796"/>
      <trkpt lat="31.43625" lon="-4.23707"/>
      <trkpt lat="31.43515" lon="-4.23470"/>
      <trkpt lat="31.43547" lon="-4.23338"/>
      <trkpt lat="31.43116" lon="-4.22484"/>
      <trkpt lat="31.43080" lon="-4.22226"/>
      <trkpt lat="31.42864" lon="-4.21785"/>
      <trkpt lat="31.41711" lon="-4.20645"/>
      <trkpt lat="31.38977" lon="-4.18313"/>
      <trkpt lat="31.38335" lon="-4.17418"/>
      <trkpt lat="31.38232" lon="-4.17384"/>
      <trkpt lat="31.37998" lon="-4.17377"/>
      <trkpt lat="31.37874" lon="-4.17313"/>
      <trkpt lat="31.37193" lon="-4.16619"/>
      <trkpt lat="31.37128" lon="-4.16495"/>
      <trkpt lat="31.36997" lon="-4.15492"/>
      <trkpt lat="31.36900" lon="-4.15056"/>
      <trkpt lat="31.36321" lon="-4.14461"/>
      <trkpt lat="31.35546" lon="-4.13536"/>
      <trkpt lat="31.35464" lon="-4.13507"/>
      <trkpt lat="31.34696" lon="-4.13534"/>
      <trkpt lat="31.34504" lon="-4.13480"/>
      <trkpt lat="31.32774" lon="-4.11922"/>
      <trkpt lat="31.32384" lon="-4.11460"/>
      <trkpt lat="31.32304" lon="-4.11205"/>
      <trkpt lat="31.32225" lon="-4.11093"/>
      <trkpt lat="31.32054" lon="-4.10945"/>
      <trkpt lat="31.31616" lon="-4.10447"/>
      <trkpt lat="31.31063" lon="-4.09231"/>
      <trkpt lat="31.30783" lon="-4.09077"/>
      <trkpt lat="31.30141" lon="-4.08969"/>
      <trkpt lat="31.29963" lon="-4.09052"/>
      <trkpt lat="31.29459" lon="-4.09703"/>
      <trkpt lat="31.29368" lon="-4.09701"/>
      <trkpt lat="31.29157" lon="-4.09586"/>
      <trkpt lat="31.28818" lon="-4.09340"/>
      <trkpt lat="31.28719" lon="-4.09173"/>
      <trkpt lat="31.28603" lon="-4.08734"/>
      <trkpt lat="31.27904" lon="-4.07502"/>
      <trkpt lat="31.27494" lon="-4.06960"/>
      <trkpt lat="31.26774" lon="-4.05907"/>
      <trkpt lat="31.26424" lon="-4.05530"/>
      <trkpt lat="31.26032" lon="-4.05032"/>
      <trkpt lat="31.25786" lon="-4.04617"/>
      <trkpt lat="31.25506" lon="-4.04400"/>
      <trkpt lat="31.25333" lon="-4.04038"/>
      <trkpt lat="31.25138" lon="-4.03847"/>
      <trkpt lat="31.25013" lon="-4.03822"/>
      <trkpt lat="31.24613" lon="-4.03919"/>
      <trkpt lat="31.24370" lon="-4.03894"/>
      <trkpt lat="31.24112" lon="-4.03765"/>
      <trkpt lat="31.23301" lon="-4.03460"/>
      <trkpt lat="31.22450" lon="-4.02997"/>
      <trkpt lat="31.22184" lon="-4.02938"/>
      <trkpt lat="31.21915" lon="-4.02834"/>
      <trkpt lat="31.21735" lon="-4.02844"/>
      <trkpt lat="31.21036" lon="-4.03362"/>
      <trkpt lat="31.20848" lon="-4.03583"/>
      <trkpt lat="31.20524" lon="-4.04126"/>
      <trkpt lat="31.20330" lon="-4.04371"/>
      <trkpt lat="31.20163" lon="-4.04498"/>
      <trkpt lat="31.19164" lon="-4.05029"/>
      <trkpt lat="31.17854" lon="-4.05494"/>
      <trkpt lat="31.17605" lon="-4.05418"/>
      <trkpt lat="31.17201" lon="-4.05061"/>
      <trkpt lat="31.17057" lon="-4.04873"/>
      <trkpt lat="31.15768" lon="-4.04161"/>
      <trkpt lat="31.15369" lon="-4.03907"/>
      <trkpt lat="31.14993" lon="-4.03773"/>
      <trkpt lat="31.14755" lon="-4.03732"/>
      <trkpt lat="31.14068" lon="-4.03305"/>
      <trkpt lat="31.13945" lon="-4.03311"/>
      <trkpt lat="31.14019" lon="-4.02564"/>
      <trkpt lat="31.13991" lon="-4.02485"/>
      <trkpt lat="31.13878" lon="-4.02393"/>
      <trkpt lat="31.13329" lon="-4.02145"/>
      <trkpt lat="31.13015" lon="-4.01968"/>
      <trkpt lat="31.12643" lon="-4.01873"/>
      <trkpt lat="31.12193" lon="-4.01708"/>
      <trkpt lat="31.11657" lon="-4.01766"/>
      <trkpt lat="31.11319" lon="-4.01729"/>
      <trkpt lat="31.10613" lon="-4.01537"/>
      <trkpt lat="31.10324" lon="-4.01569"/>
      <trkpt lat="31.10214" lon="-4.01340"/>
      <trkpt lat="31.09963" lon="-4.01302"/>
      <trkpt lat="31.09907" lon="-4.01331"/>
    </trkseg>
  </trk>
  <trk><name>Day 5 · Merzouga → Todra → Dades (275)</name><desc>Day 5 - follows the actual roads</desc>
    <trkseg>
      <trkpt lat="31.09907" lon="-4.01331"/>
      <trkpt lat="31.09826" lon="-4.01352"/>
      <trkpt lat="31.09884" lon="-4.01606"/>
      <trkpt lat="31.10008" lon="-4.01767"/>
      <trkpt lat="31.10232" lon="-4.01939"/>
      <trkpt lat="31.10840" lon="-4.02227"/>
      <trkpt lat="31.10934" lon="-4.02310"/>
      <trkpt lat="31.11264" lon="-4.02745"/>
      <trkpt lat="31.11678" lon="-4.03390"/>
      <trkpt lat="31.12384" lon="-4.04255"/>
      <trkpt lat="31.13055" lon="-4.04841"/>
      <trkpt lat="31.14839" lon="-4.05844"/>
      <trkpt lat="31.16482" lon="-4.07296"/>
      <trkpt lat="31.17219" lon="-4.08172"/>
      <trkpt lat="31.17933" lon="-4.08638"/>
      <trkpt lat="31.18577" lon="-4.09164"/>
      <trkpt lat="31.20084" lon="-4.10248"/>
      <trkpt lat="31.21686" lon="-4.11989"/>
      <trkpt lat="31.23577" lon="-4.13016"/>
      <trkpt lat="31.24177" lon="-4.13260"/>
      <trkpt lat="31.25037" lon="-4.13681"/>
      <trkpt lat="31.25176" lon="-4.13781"/>
      <trkpt lat="31.26165" lon="-4.14861"/>
      <trkpt lat="31.26236" lon="-4.14976"/>
      <trkpt lat="31.26719" lon="-4.16175"/>
      <trkpt lat="31.26815" lon="-4.16298"/>
      <trkpt lat="31.28527" lon="-4.17596"/>
      <trkpt lat="31.28892" lon="-4.17914"/>
      <trkpt lat="31.29376" lon="-4.18468"/>
      <trkpt lat="31.29414" lon="-4.18574"/>
      <trkpt lat="31.29415" lon="-4.18737"/>
      <trkpt lat="31.29357" lon="-4.21576"/>
      <trkpt lat="31.29272" lon="-4.21985"/>
      <trkpt lat="31.29248" lon="-4.22415"/>
      <trkpt lat="31.29107" lon="-4.22681"/>
      <trkpt lat="31.29024" lon="-4.22701"/>
      <trkpt lat="31.28962" lon="-4.22925"/>
      <trkpt lat="31.28881" lon="-4.23079"/>
      <trkpt lat="31.28805" lon="-4.23400"/>
      <trkpt lat="31.28888" lon="-4.23513"/>
      <trkpt lat="31.28822" lon="-4.23937"/>
      <trkpt lat="31.28824" lon="-4.24232"/>
      <trkpt lat="31.29330" lon="-4.24451"/>
      <trkpt lat="31.29424" lon="-4.24541"/>
      <trkpt lat="31.29206" lon="-4.24987"/>
      <trkpt lat="31.28781" lon="-4.25716"/>
      <trkpt lat="31.28650" lon="-4.26162"/>
      <trkpt lat="31.28389" lon="-4.26118"/>
      <trkpt lat="31.28292" lon="-4.26007"/>
      <trkpt lat="31.28207" lon="-4.26158"/>
      <trkpt lat="31.28083" lon="-4.26086"/>
      <trkpt lat="31.28087" lon="-4.26025"/>
      <trkpt lat="31.27973" lon="-4.26225"/>
      <trkpt lat="31.27954" lon="-4.26479"/>
      <trkpt lat="31.28044" lon="-4.26584"/>
      <trkpt lat="31.28020" lon="-4.26733"/>
      <trkpt lat="31.27949" lon="-4.26898"/>
      <trkpt lat="31.27972" lon="-4.27431"/>
      <trkpt lat="31.27995" lon="-4.27443"/>
      <trkpt lat="31.27839" lon="-4.27775"/>
      <trkpt lat="31.27814" lon="-4.27947"/>
      <trkpt lat="31.27776" lon="-4.28536"/>
      <trkpt lat="31.27848" lon="-4.28638"/>
      <trkpt lat="31.28504" lon="-4.28888"/>
      <trkpt lat="31.28958" lon="-4.29129"/>
      <trkpt lat="31.29097" lon="-4.29160"/>
      <trkpt lat="31.29537" lon="-4.29073"/>
      <trkpt lat="31.30130" lon="-4.28735"/>
      <trkpt lat="31.30776" lon="-4.28543"/>
      <trkpt lat="31.32104" lon="-4.28839"/>
      <trkpt lat="31.32578" lon="-4.28834"/>
      <trkpt lat="31.33073" lon="-4.28934"/>
      <trkpt lat="31.33151" lon="-4.28920"/>
      <trkpt lat="31.33339" lon="-4.28804"/>
      <trkpt lat="31.34095" lon="-4.28754"/>
      <trkpt lat="31.34541" lon="-4.28966"/>
      <trkpt lat="31.35202" lon="-4.29024"/>
      <trkpt lat="31.35620" lon="-4.28794"/>
      <trkpt lat="31.36335" lon="-4.28604"/>
      <trkpt lat="31.37865" lon="-4.27370"/>
      <trkpt lat="31.40966" lon="-4.24992"/>
      <trkpt lat="31.42146" lon="-4.24149"/>
      <trkpt lat="31.42984" lon="-4.23628"/>
      <trkpt lat="31.42807" lon="-4.25212"/>
      <trkpt lat="31.41784" lon="-4.27752"/>
      <trkpt lat="31.41713" lon="-4.27975"/>
      <trkpt lat="31.41703" lon="-4.28402"/>
      <trkpt lat="31.41780" lon="-4.28510"/>
      <trkpt lat="31.41846" lon="-4.28710"/>
      <trkpt lat="31.42021" lon="-4.29050"/>
      <trkpt lat="31.42148" lon="-4.29225"/>
      <trkpt lat="31.43483" lon="-4.30753"/>
      <trkpt lat="31.43692" lon="-4.31051"/>
      <trkpt lat="31.43958" lon="-4.31621"/>
      <trkpt lat="31.44518" lon="-4.33403"/>
      <trkpt lat="31.44766" lon="-4.33947"/>
      <trkpt lat="31.47669" lon="-4.38878"/>
      <trkpt lat="31.47787" lon="-4.39062"/>
      <trkpt lat="31.48028" lon="-4.39327"/>
      <trkpt lat="31.48028" lon="-4.39549"/>
      <trkpt lat="31.48064" lon="-4.39610"/>
      <trkpt lat="31.48174" lon="-4.39736"/>
      <trkpt lat="31.48454" lon="-4.39958"/>
      <trkpt lat="31.48963" lon="-4.40034"/>
      <trkpt lat="31.49268" lon="-4.40258"/>
      <trkpt lat="31.49331" lon="-4.40433"/>
      <trkpt lat="31.49372" lon="-4.40718"/>
      <trkpt lat="31.49410" lon="-4.40761"/>
      <trkpt lat="31.49511" lon="-4.40791"/>
      <trkpt lat="31.49706" lon="-4.41116"/>
      <trkpt lat="31.49738" lon="-4.41412"/>
      <trkpt lat="31.49894" lon="-4.41693"/>
      <trkpt lat="31.50020" lon="-4.41804"/>
      <trkpt lat="31.50413" lon="-4.42303"/>
      <trkpt lat="31.51300" lon="-4.43743"/>
      <trkpt lat="31.51625" lon="-4.44055"/>
      <trkpt lat="31.52190" lon="-4.44761"/>
      <trkpt lat="31.52493" lon="-4.46159"/>
      <trkpt lat="31.52569" lon="-4.46373"/>
      <trkpt lat="31.52712" lon="-4.46577"/>
      <trkpt lat="31.53036" lon="-4.47729"/>
      <trkpt lat="31.52911" lon="-4.48594"/>
      <trkpt lat="31.52933" lon="-4.48806"/>
      <trkpt lat="31.53033" lon="-4.49130"/>
      <trkpt lat="31.53049" lon="-4.49471"/>
      <trkpt lat="31.52952" lon="-4.51140"/>
      <trkpt lat="31.51598" lon="-4.56789"/>
      <trkpt lat="31.51410" lon="-4.59909"/>
      <trkpt lat="31.51428" lon="-4.60063"/>
      <trkpt lat="31.52515" lon="-4.62408"/>
      <trkpt lat="31.52886" lon="-4.63707"/>
      <trkpt lat="31.53450" lon="-4.64371"/>
      <trkpt lat="31.54371" lon="-4.66327"/>
      <trkpt lat="31.55229" lon="-4.70626"/>
      <trkpt lat="31.55294" lon="-4.70694"/>
      <trkpt lat="31.55734" lon="-4.70940"/>
      <trkpt lat="31.55923" lon="-4.71159"/>
      <trkpt lat="31.56078" lon="-4.71176"/>
      <trkpt lat="31.56278" lon="-4.71146"/>
      <trkpt lat="31.56371" lon="-4.71201"/>
      <trkpt lat="31.56789" lon="-4.72562"/>
      <trkpt lat="31.58752" lon="-4.75920"/>
      <trkpt lat="31.58824" lon="-4.76174"/>
      <trkpt lat="31.58951" lon="-4.76931"/>
      <trkpt lat="31.58952" lon="-4.77112"/>
      <trkpt lat="31.58903" lon="-4.77276"/>
      <trkpt lat="31.55977" lon="-4.82860"/>
      <trkpt lat="31.55490" lon="-4.84128"/>
      <trkpt lat="31.55039" lon="-4.84788"/>
      <trkpt lat="31.54902" lon="-4.85053"/>
      <trkpt lat="31.54829" lon="-4.85143"/>
      <trkpt lat="31.54543" lon="-4.85281"/>
      <trkpt lat="31.54476" lon="-4.85403"/>
      <trkpt lat="31.54388" lon="-4.86012"/>
      <trkpt lat="31.54599" lon="-4.86450"/>
      <trkpt lat="31.54591" lon="-4.87298"/>
      <trkpt lat="31.54818" lon="-4.88414"/>
      <trkpt lat="31.55081" lon="-4.90159"/>
      <trkpt lat="31.55135" lon="-4.90286"/>
      <trkpt lat="31.55324" lon="-4.90544"/>
      <trkpt lat="31.55486" lon="-4.91268"/>
      <trkpt lat="31.54078" lon="-4.94241"/>
      <trkpt lat="31.53089" lon="-4.96211"/>
      <trkpt lat="31.51663" lon="-4.98215"/>
      <trkpt lat="31.51106" lon="-4.98852"/>
      <trkpt lat="31.50673" lon="-5.00193"/>
      <trkpt lat="31.50665" lon="-5.00345"/>
      <trkpt lat="31.50722" lon="-5.00496"/>
      <trkpt lat="31.51667" lon="-5.01398"/>
      <trkpt lat="31.51073" lon="-5.02803"/>
      <trkpt lat="31.50538" lon="-5.04563"/>
      <trkpt lat="31.50372" lon="-5.05334"/>
      <trkpt lat="31.50057" lon="-5.06208"/>
      <trkpt lat="31.50044" lon="-5.06726"/>
      <trkpt lat="31.49892" lon="-5.07602"/>
      <trkpt lat="31.49892" lon="-5.08353"/>
      <trkpt lat="31.49861" lon="-5.08609"/>
      <trkpt lat="31.49320" lon="-5.10085"/>
      <trkpt lat="31.49214" lon="-5.10882"/>
      <trkpt lat="31.48952" lon="-5.11580"/>
      <trkpt lat="31.48337" lon="-5.14125"/>
      <trkpt lat="31.48142" lon="-5.14636"/>
      <trkpt lat="31.46505" lon="-5.17391"/>
      <trkpt lat="31.46417" lon="-5.17608"/>
      <trkpt lat="31.46133" lon="-5.19982"/>
      <trkpt lat="31.46146" lon="-5.21688"/>
      <trkpt lat="31.46084" lon="-5.22000"/>
      <trkpt lat="31.45382" lon="-5.23961"/>
      <trkpt lat="31.45346" lon="-5.24406"/>
      <trkpt lat="31.45337" lon="-5.25245"/>
      <trkpt lat="31.45314" lon="-5.25414"/>
      <trkpt lat="31.45078" lon="-5.26081"/>
      <trkpt lat="31.45038" lon="-5.26298"/>
      <trkpt lat="31.45036" lon="-5.27356"/>
      <trkpt lat="31.44977" lon="-5.28112"/>
      <trkpt lat="31.44635" lon="-5.30015"/>
      <trkpt lat="31.44471" lon="-5.32443"/>
      <trkpt lat="31.44688" lon="-5.33823"/>
      <trkpt lat="31.44804" lon="-5.34062"/>
      <trkpt lat="31.45263" lon="-5.34779"/>
      <trkpt lat="31.45516" lon="-5.36023"/>
      <trkpt lat="31.45526" lon="-5.36461"/>
      <trkpt lat="31.45563" lon="-5.36689"/>
      <trkpt lat="31.46668" lon="-5.39168"/>
      <trkpt lat="31.47378" lon="-5.40935"/>
      <trkpt lat="31.48402" lon="-5.42745"/>
      <trkpt lat="31.49464" lon="-5.44900"/>
      <trkpt lat="31.49545" lon="-5.45147"/>
      <trkpt lat="31.49665" lon="-5.46070"/>
      <trkpt lat="31.49832" lon="-5.46704"/>
      <trkpt lat="31.50898" lon="-5.49159"/>
      <trkpt lat="31.50978" lon="-5.49326"/>
      <trkpt lat="31.52127" lon="-5.50943"/>
      <trkpt lat="31.53003" lon="-5.51756"/>
      <trkpt lat="31.53129" lon="-5.51945"/>
      <trkpt lat="31.53247" lon="-5.52468"/>
      <trkpt lat="31.53189" lon="-5.52924"/>
      <trkpt lat="31.53143" lon="-5.52973"/>
      <trkpt lat="31.53069" lon="-5.52998"/>
      <trkpt lat="31.52962" lon="-5.52872"/>
      <trkpt lat="31.52583" lon="-5.53009"/>
      <trkpt lat="31.52484" lon="-5.52920"/>
      <trkpt lat="31.52345" lon="-5.52920"/>
      <trkpt lat="31.52205" lon="-5.53064"/>
      <trkpt lat="31.52058" lon="-5.53339"/>
      <trkpt lat="31.51894" lon="-5.53472"/>
      <trkpt lat="31.51457" lon="-5.53378"/>
      <trkpt lat="31.51424" lon="-5.53242"/>
      <trkpt lat="31.51402" lon="-5.53351"/>
      <trkpt lat="31.51663" lon="-5.53438"/>
      <trkpt lat="31.51894" lon="-5.53472"/>
      <trkpt lat="31.52040" lon="-5.53334"/>
      <trkpt lat="31.52205" lon="-5.53064"/>
      <trkpt lat="31.52345" lon="-5.52920"/>
      <trkpt lat="31.52484" lon="-5.52920"/>
      <trkpt lat="31.52590" lon="-5.52996"/>
      <trkpt lat="31.52627" lon="-5.53167"/>
      <trkpt lat="31.52501" lon="-5.53536"/>
      <trkpt lat="31.52576" lon="-5.53774"/>
      <trkpt lat="31.52582" lon="-5.53951"/>
      <trkpt lat="31.52757" lon="-5.54477"/>
      <trkpt lat="31.53042" lon="-5.54738"/>
      <trkpt lat="31.53068" lon="-5.54844"/>
      <trkpt lat="31.53050" lon="-5.55075"/>
      <trkpt lat="31.53226" lon="-5.55559"/>
      <trkpt lat="31.53550" lon="-5.55995"/>
      <trkpt lat="31.53607" lon="-5.56040"/>
      <trkpt lat="31.53747" lon="-5.56060"/>
      <trkpt lat="31.54081" lon="-5.56335"/>
      <trkpt lat="31.54026" lon="-5.56527"/>
      <trkpt lat="31.54004" lon="-5.56806"/>
      <trkpt lat="31.53986" lon="-5.56843"/>
      <trkpt lat="31.53873" lon="-5.56867"/>
      <trkpt lat="31.53882" lon="-5.56940"/>
      <trkpt lat="31.54061" lon="-5.56915"/>
      <trkpt lat="31.54148" lon="-5.56675"/>
      <trkpt lat="31.54227" lon="-5.56646"/>
      <trkpt lat="31.54299" lon="-5.56747"/>
      <trkpt lat="31.54346" lon="-5.56890"/>
      <trkpt lat="31.54531" lon="-5.57136"/>
      <trkpt lat="31.54608" lon="-5.57585"/>
      <trkpt lat="31.54818" lon="-5.58047"/>
      <trkpt lat="31.54812" lon="-5.58108"/>
      <trkpt lat="31.54746" lon="-5.58181"/>
      <trkpt lat="31.54524" lon="-5.58165"/>
      <trkpt lat="31.54433" lon="-5.58209"/>
      <trkpt lat="31.54401" lon="-5.58262"/>
      <trkpt lat="31.54396" lon="-5.58346"/>
      <trkpt lat="31.54441" lon="-5.58445"/>
      <trkpt lat="31.54699" lon="-5.58631"/>
      <trkpt lat="31.54621" lon="-5.58839"/>
      <trkpt lat="31.54650" lon="-5.58874"/>
      <trkpt lat="31.54830" lon="-5.58921"/>
      <trkpt lat="31.54922" lon="-5.58864"/>
      <trkpt lat="31.55003" lon="-5.58797"/>
      <trkpt lat="31.55097" lon="-5.58529"/>
      <trkpt lat="31.55413" lon="-5.58552"/>
      <trkpt lat="31.55574" lon="-5.58478"/>
      <trkpt lat="31.55623" lon="-5.58387"/>
      <trkpt lat="31.55662" lon="-5.58070"/>
      <trkpt lat="31.55936" lon="-5.57979"/>
      <trkpt lat="31.56078" lon="-5.58109"/>
      <trkpt lat="31.56224" lon="-5.58139"/>
      <trkpt lat="31.56322" lon="-5.58119"/>
      <trkpt lat="31.56577" lon="-5.58021"/>
      <trkpt lat="31.56727" lon="-5.57825"/>
      <trkpt lat="31.56780" lon="-5.57807"/>
      <trkpt lat="31.56863" lon="-5.57830"/>
      <trkpt lat="31.56924" lon="-5.57894"/>
      <trkpt lat="31.57138" lon="-5.58349"/>
      <trkpt lat="31.57192" lon="-5.58408"/>
      <trkpt lat="31.57244" lon="-5.58432"/>
      <trkpt lat="31.57384" lon="-5.58405"/>
      <trkpt lat="31.57569" lon="-5.58347"/>
      <trkpt lat="31.57715" lon="-5.58255"/>
      <trkpt lat="31.57784" lon="-5.58277"/>
      <trkpt lat="31.57937" lon="-5.58953"/>
      <trkpt lat="31.58055" lon="-5.59036"/>
      <trkpt lat="31.58395" lon="-5.59156"/>
      <trkpt lat="31.58535" lon="-5.59062"/>
      <trkpt lat="31.58663" lon="-5.59127"/>
      <trkpt lat="31.58842" lon="-5.59320"/>
      <trkpt lat="31.58867" lon="-5.59619"/>
      <trkpt lat="31.58982" lon="-5.59673"/>
      <trkpt lat="31.58928" lon="-5.59741"/>
      <trkpt lat="31.58933" lon="-5.59819"/>
      <trkpt lat="31.58958" lon="-5.59668"/>
      <trkpt lat="31.58857" lon="-5.59607"/>
      <trkpt lat="31.58839" lon="-5.59313"/>
      <trkpt lat="31.58650" lon="-5.59117"/>
      <trkpt lat="31.58524" lon="-5.59063"/>
      <trkpt lat="31.58461" lon="-5.59138"/>
      <trkpt lat="31.58388" lon="-5.59154"/>
      <trkpt lat="31.58138" lon="-5.59071"/>
      <trkpt lat="31.57925" lon="-5.58940"/>
      <trkpt lat="31.57823" lon="-5.58382"/>
      <trkpt lat="31.57776" lon="-5.58269"/>
      <trkpt lat="31.57699" lon="-5.58261"/>
      <trkpt lat="31.57554" lon="-5.58352"/>
      <trkpt lat="31.57229" lon="-5.58430"/>
      <trkpt lat="31.57159" lon="-5.58378"/>
      <trkpt lat="31.56972" lon="-5.57984"/>
      <trkpt lat="31.56843" lon="-5.57819"/>
      <trkpt lat="31.56758" lon="-5.57808"/>
      <trkpt lat="31.56561" lon="-5.58031"/>
      <trkpt lat="31.56290" lon="-5.58131"/>
      <trkpt lat="31.56059" lon="-5.58098"/>
      <trkpt lat="31.55920" lon="-5.57973"/>
      <trkpt lat="31.55651" lon="-5.58083"/>
      <trkpt lat="31.55614" lon="-5.58414"/>
      <trkpt lat="31.55547" lon="-5.58506"/>
      <trkpt lat="31.55377" lon="-5.58551"/>
      <trkpt lat="31.55117" lon="-5.58521"/>
      <trkpt lat="31.54992" lon="-5.58816"/>
      <trkpt lat="31.54867" lon="-5.58909"/>
      <trkpt lat="31.54637" lon="-5.58867"/>
      <trkpt lat="31.54619" lon="-5.58826"/>
      <trkpt lat="31.54692" lon="-5.58697"/>
      <trkpt lat="31.54691" lon="-5.58615"/>
      <trkpt lat="31.54426" lon="-5.58426"/>
      <trkpt lat="31.54392" lon="-5.58324"/>
      <trkpt lat="31.54406" lon="-5.58255"/>
      <trkpt lat="31.54486" lon="-5.58174"/>
      <trkpt lat="31.54753" lon="-5.58179"/>
      <trkpt lat="31.54818" lon="-5.58090"/>
      <trkpt lat="31.54601" lon="-5.57560"/>
      <trkpt lat="31.54525" lon="-5.57122"/>
      <trkpt lat="31.54364" lon="-5.56919"/>
      <trkpt lat="31.54276" lon="-5.56700"/>
      <trkpt lat="31.54216" lon="-5.56642"/>
      <trkpt lat="31.54173" lon="-5.56650"/>
      <trkpt lat="31.54110" lon="-5.56736"/>
      <trkpt lat="31.54052" lon="-5.56919"/>
      <trkpt lat="31.53902" lon="-5.56952"/>
      <trkpt lat="31.53875" lon="-5.56932"/>
      <trkpt lat="31.53877" lon="-5.56859"/>
      <trkpt lat="31.53993" lon="-5.56833"/>
      <trkpt lat="31.54031" lon="-5.56503"/>
      <trkpt lat="31.54087" lon="-5.56358"/>
      <trkpt lat="31.53777" lon="-5.56079"/>
      <trkpt lat="31.53585" lon="-5.56029"/>
      <trkpt lat="31.53285" lon="-5.55667"/>
      <trkpt lat="31.53214" lon="-5.55534"/>
      <trkpt lat="31.53046" lon="-5.55042"/>
      <trkpt lat="31.53056" lon="-5.54778"/>
      <trkpt lat="31.53029" lon="-5.54717"/>
      <trkpt lat="31.52817" lon="-5.54548"/>
      <trkpt lat="31.52739" lon="-5.54444"/>
      <trkpt lat="31.52574" lon="-5.53928"/>
      <trkpt lat="31.52574" lon="-5.53760"/>
      <trkpt lat="31.52500" lon="-5.53523"/>
      <trkpt lat="31.52630" lon="-5.53139"/>
      <trkpt lat="31.52600" lon="-5.53023"/>
      <trkpt lat="31.52494" lon="-5.52924"/>
      <trkpt lat="31.52322" lon="-5.52936"/>
      <trkpt lat="31.52166" lon="-5.53118"/>
      <trkpt lat="31.52056" lon="-5.53342"/>
      <trkpt lat="31.51867" lon="-5.53458"/>
      <trkpt lat="31.51684" lon="-5.53442"/>
      <trkpt lat="31.51503" lon="-5.53382"/>
      <trkpt lat="31.51446" lon="-5.53350"/>
      <trkpt lat="31.51445" lon="-5.53265"/>
      <trkpt lat="31.51407" lon="-5.53270"/>
      <trkpt lat="31.51371" lon="-5.53390"/>
      <trkpt lat="31.51315" lon="-5.53399"/>
      <trkpt lat="31.51262" lon="-5.53468"/>
      <trkpt lat="31.51250" lon="-5.53601"/>
      <trkpt lat="31.51184" lon="-5.53683"/>
      <trkpt lat="31.51156" lon="-5.53820"/>
      <trkpt lat="31.50408" lon="-5.54012"/>
      <trkpt lat="31.49269" lon="-5.54776"/>
      <trkpt lat="31.47171" lon="-5.57352"/>
      <trkpt lat="31.46471" lon="-5.58576"/>
      <trkpt lat="31.46265" lon="-5.59246"/>
      <trkpt lat="31.45335" lon="-5.60998"/>
      <trkpt lat="31.43949" lon="-5.64096"/>
      <trkpt lat="31.43909" lon="-5.64382"/>
      <trkpt lat="31.43939" lon="-5.64907"/>
      <trkpt lat="31.43898" lon="-5.65044"/>
      <trkpt lat="31.43456" lon="-5.65536"/>
      <trkpt lat="31.43242" lon="-5.65956"/>
      <trkpt lat="31.42869" lon="-5.66976"/>
      <trkpt lat="31.41855" lon="-5.68817"/>
      <trkpt lat="31.41197" lon="-5.70678"/>
      <trkpt lat="31.40399" lon="-5.71960"/>
      <trkpt lat="31.40210" lon="-5.72705"/>
      <trkpt lat="31.40027" lon="-5.73000"/>
      <trkpt lat="31.39746" lon="-5.73356"/>
      <trkpt lat="31.39684" lon="-5.73648"/>
      <trkpt lat="31.39523" lon="-5.74015"/>
      <trkpt lat="31.38978" lon="-5.74550"/>
      <trkpt lat="31.38806" lon="-5.75340"/>
      <trkpt lat="31.38279" lon="-5.76578"/>
      <trkpt lat="31.38007" lon="-5.76964"/>
      <trkpt lat="31.37334" lon="-5.77764"/>
      <trkpt lat="31.37149" lon="-5.78120"/>
      <trkpt lat="31.36985" lon="-5.78979"/>
      <trkpt lat="31.37189" lon="-5.79643"/>
      <trkpt lat="31.37283" lon="-5.79752"/>
      <trkpt lat="31.37518" lon="-5.79812"/>
      <trkpt lat="31.37878" lon="-5.79990"/>
      <trkpt lat="31.38206" lon="-5.80293"/>
      <trkpt lat="31.38258" lon="-5.80373"/>
      <trkpt lat="31.38286" lon="-5.80513"/>
      <trkpt lat="31.38251" lon="-5.80654"/>
      <trkpt lat="31.37683" lon="-5.81599"/>
      <trkpt lat="31.37422" lon="-5.83006"/>
      <trkpt lat="31.37196" lon="-5.83507"/>
      <trkpt lat="31.36909" lon="-5.84619"/>
      <trkpt lat="31.36794" lon="-5.85362"/>
      <trkpt lat="31.36816" lon="-5.85565"/>
      <trkpt lat="31.37557" lon="-5.88476"/>
      <trkpt lat="31.37541" lon="-5.88571"/>
      <trkpt lat="31.36496" lon="-5.90769"/>
      <trkpt lat="31.36405" lon="-5.91069"/>
      <trkpt lat="31.36773" lon="-5.98311"/>
      <trkpt lat="31.36661" lon="-5.98658"/>
      <trkpt lat="31.36708" lon="-5.98684"/>
      <trkpt lat="31.36878" lon="-5.98661"/>
      <trkpt lat="31.37049" lon="-5.98566"/>
      <trkpt lat="31.37186" lon="-5.98576"/>
      <trkpt lat="31.37251" lon="-5.98637"/>
      <trkpt lat="31.37175" lon="-5.98689"/>
      <trkpt lat="31.37002" lon="-5.98702"/>
      <trkpt lat="31.36944" lon="-5.98780"/>
      <trkpt lat="31.36802" lon="-5.98854"/>
    </trkseg>
  </trk>
  <trk><name>Day 6 · Dades → Ouarzazate → Aït Benhaddou (215)</name><desc>Day 6 - follows the actual roads</desc>
    <trkseg>
      <trkpt lat="31.36802" lon="-5.98854"/>
      <trkpt lat="31.36964" lon="-5.98759"/>
      <trkpt lat="31.37198" lon="-5.98772"/>
      <trkpt lat="31.37341" lon="-5.98730"/>
      <trkpt lat="31.37445" lon="-5.98851"/>
      <trkpt lat="31.37466" lon="-5.98926"/>
      <trkpt lat="31.37475" lon="-5.99235"/>
      <trkpt lat="31.37842" lon="-5.99317"/>
      <trkpt lat="31.38331" lon="-5.99228"/>
      <trkpt lat="31.38496" lon="-5.99104"/>
      <trkpt lat="31.38702" lon="-5.99008"/>
      <trkpt lat="31.38857" lon="-5.99107"/>
      <trkpt lat="31.38954" lon="-5.99217"/>
      <trkpt lat="31.39051" lon="-5.99259"/>
      <trkpt lat="31.39229" lon="-5.99262"/>
      <trkpt lat="31.39390" lon="-5.99245"/>
      <trkpt lat="31.39500" lon="-5.99178"/>
      <trkpt lat="31.39642" lon="-5.99154"/>
      <trkpt lat="31.39839" lon="-5.99015"/>
      <trkpt lat="31.39997" lon="-5.98971"/>
      <trkpt lat="31.40180" lon="-5.98979"/>
      <trkpt lat="31.40421" lon="-5.99140"/>
      <trkpt lat="31.40712" lon="-5.99222"/>
      <trkpt lat="31.40848" lon="-5.99166"/>
      <trkpt lat="31.40935" lon="-5.99062"/>
      <trkpt lat="31.41152" lon="-5.98971"/>
      <trkpt lat="31.41208" lon="-5.98974"/>
      <trkpt lat="31.41308" lon="-5.99097"/>
      <trkpt lat="31.41367" lon="-5.99492"/>
      <trkpt lat="31.41503" lon="-5.99547"/>
      <trkpt lat="31.41528" lon="-5.99590"/>
      <trkpt lat="31.41399" lon="-5.99746"/>
      <trkpt lat="31.41221" lon="-6.00048"/>
      <trkpt lat="31.41246" lon="-6.00294"/>
      <trkpt lat="31.41283" lon="-6.00306"/>
      <trkpt lat="31.41332" lon="-6.00203"/>
      <trkpt lat="31.41452" lon="-6.00339"/>
      <trkpt lat="31.41932" lon="-6.00608"/>
      <trkpt lat="31.41967" lon="-6.00771"/>
      <trkpt lat="31.42077" lon="-6.00903"/>
      <trkpt lat="31.42167" lon="-6.01112"/>
      <trkpt lat="31.42315" lon="-6.01144"/>
      <trkpt lat="31.42366" lon="-6.01122"/>
      <trkpt lat="31.42437" lon="-6.01250"/>
      <trkpt lat="31.42697" lon="-6.01454"/>
      <trkpt lat="31.42811" lon="-6.01405"/>
      <trkpt lat="31.42885" lon="-6.01418"/>
      <trkpt lat="31.43036" lon="-6.01383"/>
      <trkpt lat="31.43135" lon="-6.01438"/>
      <trkpt lat="31.43193" lon="-6.01421"/>
      <trkpt lat="31.43346" lon="-6.01267"/>
      <trkpt lat="31.43443" lon="-6.01262"/>
      <trkpt lat="31.43434" lon="-6.01134"/>
      <trkpt lat="31.43522" lon="-6.01119"/>
      <trkpt lat="31.43592" lon="-6.01151"/>
      <trkpt lat="31.43683" lon="-6.01145"/>
      <trkpt lat="31.43682" lon="-6.01294"/>
      <trkpt lat="31.43789" lon="-6.01521"/>
      <trkpt lat="31.43873" lon="-6.01501"/>
      <trkpt lat="31.43927" lon="-6.01420"/>
      <trkpt lat="31.44238" lon="-6.01308"/>
      <trkpt lat="31.44334" lon="-6.01339"/>
      <trkpt lat="31.44399" lon="-6.01433"/>
      <trkpt lat="31.44421" lon="-6.01392"/>
      <trkpt lat="31.44391" lon="-6.01283"/>
      <trkpt lat="31.44223" lon="-6.01152"/>
      <trkpt lat="31.44094" lon="-6.01106"/>
      <trkpt lat="31.43982" lon="-6.00890"/>
      <trkpt lat="31.43853" lon="-6.00741"/>
      <trkpt lat="31.43790" lon="-6.00729"/>
      <trkpt lat="31.43827" lon="-6.00540"/>
      <trkpt lat="31.43764" lon="-6.00468"/>
      <trkpt lat="31.43698" lon="-6.00280"/>
      <trkpt lat="31.43754" lon="-5.99892"/>
      <trkpt lat="31.43752" lon="-5.99586"/>
      <trkpt lat="31.43902" lon="-5.99207"/>
      <trkpt lat="31.43923" lon="-5.99069"/>
      <trkpt lat="31.43961" lon="-5.99186"/>
      <trkpt lat="31.43996" lon="-5.99198"/>
      <trkpt lat="31.44018" lon="-5.99113"/>
      <trkpt lat="31.44221" lon="-5.98792"/>
      <trkpt lat="31.44438" lon="-5.98679"/>
      <trkpt lat="31.44493" lon="-5.98474"/>
      <trkpt lat="31.44623" lon="-5.98295"/>
      <trkpt lat="31.44606" lon="-5.98156"/>
      <trkpt lat="31.44691" lon="-5.98048"/>
      <trkpt lat="31.44799" lon="-5.98050"/>
      <trkpt lat="31.44820" lon="-5.97981"/>
      <trkpt lat="31.44922" lon="-5.97870"/>
      <trkpt lat="31.44922" lon="-5.97830"/>
      <trkpt lat="31.44841" lon="-5.97786"/>
      <trkpt lat="31.44893" lon="-5.97622"/>
      <trkpt lat="31.44811" lon="-5.97531"/>
      <trkpt lat="31.44767" lon="-5.97382"/>
      <trkpt lat="31.44791" lon="-5.97310"/>
      <trkpt lat="31.44903" lon="-5.97243"/>
      <trkpt lat="31.44923" lon="-5.97078"/>
      <trkpt lat="31.44961" lon="-5.97018"/>
      <trkpt lat="31.45047" lon="-5.96997"/>
      <trkpt lat="31.45100" lon="-5.96927"/>
      <trkpt lat="31.45236" lon="-5.96912"/>
      <trkpt lat="31.45344" lon="-5.97098"/>
      <trkpt lat="31.45381" lon="-5.97252"/>
      <trkpt lat="31.45595" lon="-5.97508"/>
      <trkpt lat="31.45734" lon="-5.97548"/>
      <trkpt lat="31.45765" lon="-5.97621"/>
      <trkpt lat="31.45818" lon="-5.97615"/>
      <trkpt lat="31.45865" lon="-5.97495"/>
      <trkpt lat="31.46005" lon="-5.97476"/>
      <trkpt lat="31.46325" lon="-5.97241"/>
      <trkpt lat="31.46849" lon="-5.96717"/>
      <trkpt lat="31.46987" lon="-5.96740"/>
      <trkpt lat="31.47134" lon="-5.96630"/>
      <trkpt lat="31.47342" lon="-5.96586"/>
      <trkpt lat="31.47559" lon="-5.96474"/>
      <trkpt lat="31.47706" lon="-5.96303"/>
      <trkpt lat="31.47750" lon="-5.96183"/>
      <trkpt lat="31.48040" lon="-5.96063"/>
      <trkpt lat="31.48236" lon="-5.95851"/>
      <trkpt lat="31.48465" lon="-5.95664"/>
      <trkpt lat="31.48695" lon="-5.95545"/>
      <trkpt lat="31.48891" lon="-5.95369"/>
      <trkpt lat="31.49031" lon="-5.95165"/>
      <trkpt lat="31.49461" lon="-5.95094"/>
      <trkpt lat="31.49619" lon="-5.94989"/>
      <trkpt lat="31.49720" lon="-5.94792"/>
      <trkpt lat="31.50037" lon="-5.94626"/>
      <trkpt lat="31.50245" lon="-5.94611"/>
      <trkpt lat="31.50417" lon="-5.94639"/>
      <trkpt lat="31.50473" lon="-5.94489"/>
      <trkpt lat="31.50577" lon="-5.94469"/>
      <trkpt lat="31.50697" lon="-5.94383"/>
      <trkpt lat="31.50838" lon="-5.94089"/>
      <trkpt lat="31.51339" lon="-5.93457"/>
      <trkpt lat="31.51459" lon="-5.93363"/>
      <trkpt lat="31.51900" lon="-5.93138"/>
      <trkpt lat="31.52115" lon="-5.92972"/>
      <trkpt lat="31.52293" lon="-5.92772"/>
      <trkpt lat="31.52676" lon="-5.92581"/>
      <trkpt lat="31.52694" lon="-5.92606"/>
      <trkpt lat="31.52808" lon="-5.92571"/>
      <trkpt lat="31.52723" lon="-5.92579"/>
      <trkpt lat="31.52792" lon="-5.92534"/>
      <trkpt lat="31.52917" lon="-5.92532"/>
      <trkpt lat="31.52820" lon="-5.92496"/>
      <trkpt lat="31.52746" lon="-5.92506"/>
      <trkpt lat="31.52832" lon="-5.92472"/>
      <trkpt lat="31.53020" lon="-5.92518"/>
      <trkpt lat="31.53073" lon="-5.92379"/>
      <trkpt lat="31.53253" lon="-5.92344"/>
      <trkpt lat="31.53292" lon="-5.92367"/>
      <trkpt lat="31.53356" lon="-5.92289"/>
      <trkpt lat="31.53461" lon="-5.92364"/>
      <trkpt lat="31.53697" lon="-5.91948"/>
      <trkpt lat="31.53858" lon="-5.91905"/>
      <trkpt lat="31.53927" lon="-5.91794"/>
      <trkpt lat="31.53989" lon="-5.91767"/>
      <trkpt lat="31.54104" lon="-5.91777"/>
      <trkpt lat="31.54120" lon="-5.91646"/>
      <trkpt lat="31.54258" lon="-5.91558"/>
      <trkpt lat="31.54368" lon="-5.91400"/>
      <trkpt lat="31.54446" lon="-5.91354"/>
      <trkpt lat="31.54604" lon="-5.91326"/>
      <trkpt lat="31.54898" lon="-5.91097"/>
      <trkpt lat="31.55199" lon="-5.90779"/>
      <trkpt lat="31.55303" lon="-5.90769"/>
      <trkpt lat="31.55457" lon="-5.90832"/>
      <trkpt lat="31.55616" lon="-5.90842"/>
      <trkpt lat="31.55758" lon="-5.90942"/>
      <trkpt lat="31.55616" lon="-5.90842"/>
      <trkpt lat="31.55457" lon="-5.90832"/>
      <trkpt lat="31.55303" lon="-5.90769"/>
      <trkpt lat="31.55199" lon="-5.90779"/>
      <trkpt lat="31.54898" lon="-5.91097"/>
      <trkpt lat="31.54604" lon="-5.91326"/>
      <trkpt lat="31.54446" lon="-5.91354"/>
      <trkpt lat="31.54368" lon="-5.91400"/>
      <trkpt lat="31.54258" lon="-5.91558"/>
      <trkpt lat="31.54120" lon="-5.91646"/>
      <trkpt lat="31.54104" lon="-5.91777"/>
      <trkpt lat="31.53989" lon="-5.91767"/>
      <trkpt lat="31.53927" lon="-5.91794"/>
      <trkpt lat="31.53858" lon="-5.91905"/>
      <trkpt lat="31.53697" lon="-5.91948"/>
      <trkpt lat="31.53647" lon="-5.92008"/>
      <trkpt lat="31.53646" lon="-5.92070"/>
      <trkpt lat="31.53589" lon="-5.92099"/>
      <trkpt lat="31.53601" lon="-5.92150"/>
      <trkpt lat="31.53541" lon="-5.92184"/>
      <trkpt lat="31.53482" lon="-5.92348"/>
      <trkpt lat="31.53421" lon="-5.92355"/>
      <trkpt lat="31.53348" lon="-5.92288"/>
      <trkpt lat="31.53310" lon="-5.92361"/>
      <trkpt lat="31.53241" lon="-5.92342"/>
      <trkpt lat="31.53070" lon="-5.92383"/>
      <trkpt lat="31.53009" lon="-5.92523"/>
      <trkpt lat="31.52825" lon="-5.92471"/>
      <trkpt lat="31.52745" lon="-5.92508"/>
      <trkpt lat="31.52920" lon="-5.92523"/>
      <trkpt lat="31.52803" lon="-5.92530"/>
      <trkpt lat="31.52722" lon="-5.92575"/>
      <trkpt lat="31.52812" lon="-5.92567"/>
      <trkpt lat="31.52739" lon="-5.92596"/>
      <trkpt lat="31.52666" lon="-5.92581"/>
      <trkpt lat="31.52340" lon="-5.92742"/>
      <trkpt lat="31.52096" lon="-5.92991"/>
      <trkpt lat="31.51805" lon="-5.93197"/>
      <trkpt lat="31.51436" lon="-5.93379"/>
      <trkpt lat="31.51306" lon="-5.93480"/>
      <trkpt lat="31.50873" lon="-5.94034"/>
      <trkpt lat="31.50687" lon="-5.94395"/>
      <trkpt lat="31.50553" lon="-5.94481"/>
      <trkpt lat="31.50467" lon="-5.94499"/>
      <trkpt lat="31.50411" lon="-5.94644"/>
      <trkpt lat="31.50215" lon="-5.94612"/>
      <trkpt lat="31.50019" lon="-5.94635"/>
      <trkpt lat="31.49705" lon="-5.94808"/>
      <trkpt lat="31.49615" lon="-5.94996"/>
      <trkpt lat="31.49426" lon="-5.95109"/>
      <trkpt lat="31.49015" lon="-5.95170"/>
      <trkpt lat="31.48876" lon="-5.95384"/>
      <trkpt lat="31.48682" lon="-5.95555"/>
      <trkpt lat="31.48521" lon="-5.95623"/>
      <trkpt lat="31.48268" lon="-5.95824"/>
      <trkpt lat="31.48025" lon="-5.96075"/>
      <trkpt lat="31.47773" lon="-5.96164"/>
      <trkpt lat="31.47694" lon="-5.96323"/>
      <trkpt lat="31.47521" lon="-5.96500"/>
      <trkpt lat="31.47314" lon="-5.96598"/>
      <trkpt lat="31.47120" lon="-5.96638"/>
      <trkpt lat="31.47011" lon="-5.96732"/>
      <trkpt lat="31.46833" lon="-5.96721"/>
      <trkpt lat="31.46305" lon="-5.97256"/>
      <trkpt lat="31.46036" lon="-5.97462"/>
      <trkpt lat="31.45856" lon="-5.97501"/>
      <trkpt lat="31.45812" lon="-5.97619"/>
      <trkpt lat="31.45760" lon="-5.97618"/>
      <trkpt lat="31.45726" lon="-5.97538"/>
      <trkpt lat="31.45618" lon="-5.97524"/>
      <trkpt lat="31.45370" lon="-5.97242"/>
      <trkpt lat="31.45341" lon="-5.97088"/>
      <trkpt lat="31.45255" lon="-5.96930"/>
      <trkpt lat="31.45131" lon="-5.96921"/>
      <trkpt lat="31.45037" lon="-5.97000"/>
      <trkpt lat="31.44947" lon="-5.97027"/>
      <trkpt lat="31.44896" lon="-5.97254"/>
      <trkpt lat="31.44766" lon="-5.97356"/>
      <trkpt lat="31.44819" lon="-5.97545"/>
      <trkpt lat="31.44896" lon="-5.97632"/>
      <trkpt lat="31.44840" lon="-5.97800"/>
      <trkpt lat="31.44930" lon="-5.97849"/>
      <trkpt lat="31.44795" lon="-5.98054"/>
      <trkpt lat="31.44703" lon="-5.98041"/>
      <trkpt lat="31.44601" lon="-5.98166"/>
      <trkpt lat="31.44620" lon="-5.98306"/>
      <trkpt lat="31.44512" lon="-5.98438"/>
      <trkpt lat="31.44425" lon="-5.98694"/>
      <trkpt lat="31.44212" lon="-5.98801"/>
      <trkpt lat="31.44164" lon="-5.98918"/>
      <trkpt lat="31.44041" lon="-5.99066"/>
      <trkpt lat="31.44005" lon="-5.99192"/>
      <trkpt lat="31.43953" lon="-5.99177"/>
      <trkpt lat="31.43919" lon="-5.99073"/>
      <trkpt lat="31.43885" lon="-5.99261"/>
      <trkpt lat="31.43748" lon="-5.99605"/>
      <trkpt lat="31.43757" lon="-5.99855"/>
      <trkpt lat="31.43698" lon="-6.00286"/>
      <trkpt lat="31.43766" lon="-6.00474"/>
      <trkpt lat="31.43825" lon="-6.00529"/>
      <trkpt lat="31.43792" lon="-6.00733"/>
      <trkpt lat="31.43857" lon="-6.00745"/>
      <trkpt lat="31.43987" lon="-6.00897"/>
      <trkpt lat="31.44099" lon="-6.01110"/>
      <trkpt lat="31.44227" lon="-6.01154"/>
      <trkpt lat="31.44399" lon="-6.01294"/>
      <trkpt lat="31.44414" lon="-6.01429"/>
      <trkpt lat="31.44382" lon="-6.01425"/>
      <trkpt lat="31.44330" lon="-6.01336"/>
      <trkpt lat="31.44232" lon="-6.01309"/>
      <trkpt lat="31.43926" lon="-6.01421"/>
      <trkpt lat="31.43868" lon="-6.01505"/>
      <trkpt lat="31.43785" lon="-6.01520"/>
      <trkpt lat="31.43679" lon="-6.01283"/>
      <trkpt lat="31.43680" lon="-6.01141"/>
      <trkpt lat="31.43602" lon="-6.01153"/>
      <trkpt lat="31.43514" lon="-6.01119"/>
      <trkpt lat="31.43430" lon="-6.01140"/>
      <trkpt lat="31.43460" lon="-6.01221"/>
      <trkpt lat="31.43436" lon="-6.01267"/>
      <trkpt lat="31.43337" lon="-6.01270"/>
      <trkpt lat="31.43167" lon="-6.01434"/>
      <trkpt lat="31.43019" lon="-6.01384"/>
      <trkpt lat="31.42797" lon="-6.01406"/>
      <trkpt lat="31.42711" lon="-6.01456"/>
      <trkpt lat="31.42415" lon="-6.01227"/>
      <trkpt lat="31.42380" lon="-6.01128"/>
      <trkpt lat="31.42300" lon="-6.01148"/>
      <trkpt lat="31.42157" lon="-6.01098"/>
      <trkpt lat="31.42062" lon="-6.00877"/>
      <trkpt lat="31.41954" lon="-6.00742"/>
      <trkpt lat="31.41923" lon="-6.00599"/>
      <trkpt lat="31.41483" lon="-6.00361"/>
      <trkpt lat="31.41327" lon="-6.00200"/>
      <trkpt lat="31.41291" lon="-6.00298"/>
      <trkpt lat="31.41241" lon="-6.00280"/>
      <trkpt lat="31.41214" lon="-6.00118"/>
      <trkpt lat="31.41231" lon="-6.00018"/>
      <trkpt lat="31.41528" lon="-5.99583"/>
      <trkpt lat="31.41363" lon="-5.99485"/>
      <trkpt lat="31.41305" lon="-5.99087"/>
      <trkpt lat="31.41272" lon="-5.99024"/>
      <trkpt lat="31.41191" lon="-5.98970"/>
      <trkpt lat="31.40965" lon="-5.99047"/>
      <trkpt lat="31.40828" lon="-5.99179"/>
      <trkpt lat="31.40698" lon="-5.99224"/>
      <trkpt lat="31.40407" lon="-5.99136"/>
      <trkpt lat="31.40226" lon="-5.98995"/>
      <trkpt lat="31.40065" lon="-5.98971"/>
      <trkpt lat="31.39881" lon="-5.98998"/>
      <trkpt lat="31.39628" lon="-5.99160"/>
      <trkpt lat="31.39494" lon="-5.99182"/>
      <trkpt lat="31.39363" lon="-5.99251"/>
      <trkpt lat="31.39124" lon="-5.99266"/>
      <trkpt lat="31.38930" lon="-5.99200"/>
      <trkpt lat="31.38833" lon="-5.99081"/>
      <trkpt lat="31.38685" lon="-5.99010"/>
      <trkpt lat="31.38521" lon="-5.99087"/>
      <trkpt lat="31.38360" lon="-5.99213"/>
      <trkpt lat="31.37880" lon="-5.99319"/>
      <trkpt lat="31.37460" lon="-5.99251"/>
      <trkpt lat="31.37455" lon="-5.98876"/>
      <trkpt lat="31.37375" lon="-5.98763"/>
      <trkpt lat="31.37306" lon="-5.98736"/>
      <trkpt lat="31.37223" lon="-5.98772"/>
      <trkpt lat="31.36971" lon="-5.98744"/>
      <trkpt lat="31.36606" lon="-5.98965"/>
      <trkpt lat="31.35618" lon="-5.99276"/>
      <trkpt lat="31.35375" lon="-5.99449"/>
      <trkpt lat="31.34649" lon="-5.99653"/>
      <trkpt lat="31.35365" lon="-5.99453"/>
      <trkpt lat="31.35630" lon="-5.99271"/>
      <trkpt lat="31.36589" lon="-5.98971"/>
      <trkpt lat="31.36758" lon="-5.98855"/>
      <trkpt lat="31.36996" lon="-5.98753"/>
      <trkpt lat="31.37172" lon="-5.98772"/>
      <trkpt lat="31.37330" lon="-5.98720"/>
      <trkpt lat="31.37434" lon="-5.98827"/>
      <trkpt lat="31.37463" lon="-5.98903"/>
      <trkpt lat="31.37479" lon="-5.99241"/>
      <trkpt lat="31.37880" lon="-5.99319"/>
      <trkpt lat="31.38360" lon="-5.99213"/>
      <trkpt lat="31.38521" lon="-5.99087"/>
      <trkpt lat="31.38685" lon="-5.99010"/>
      <trkpt lat="31.38833" lon="-5.99081"/>
      <trkpt lat="31.38930" lon="-5.99200"/>
      <trkpt lat="31.39124" lon="-5.99266"/>
      <trkpt lat="31.39363" lon="-5.99251"/>
      <trkpt lat="31.39494" lon="-5.99182"/>
      <trkpt lat="31.39628" lon="-5.99160"/>
      <trkpt lat="31.39881" lon="-5.98998"/>
      <trkpt lat="31.40065" lon="-5.98971"/>
      <trkpt lat="31.40226" lon="-5.98995"/>
      <trkpt lat="31.40407" lon="-5.99136"/>
      <trkpt lat="31.40698" lon="-5.99224"/>
      <trkpt lat="31.40828" lon="-5.99179"/>
      <trkpt lat="31.40965" lon="-5.99047"/>
      <trkpt lat="31.41191" lon="-5.98970"/>
      <trkpt lat="31.41272" lon="-5.99024"/>
      <trkpt lat="31.41305" lon="-5.99087"/>
      <trkpt lat="31.41363" lon="-5.99485"/>
      <trkpt lat="31.41528" lon="-5.99583"/>
      <trkpt lat="31.41231" lon="-6.00018"/>
      <trkpt lat="31.41214" lon="-6.00118"/>
      <trkpt lat="31.41255" lon="-6.00304"/>
      <trkpt lat="31.41291" lon="-6.00298"/>
      <trkpt lat="31.41327" lon="-6.00200"/>
      <trkpt lat="31.41483" lon="-6.00361"/>
      <trkpt lat="31.41923" lon="-6.00599"/>
      <trkpt lat="31.41954" lon="-6.00742"/>
      <trkpt lat="31.42062" lon="-6.00877"/>
      <trkpt lat="31.42157" lon="-6.01098"/>
      <trkpt lat="31.42300" lon="-6.01148"/>
      <trkpt lat="31.42380" lon="-6.01128"/>
      <trkpt lat="31.42415" lon="-6.01227"/>
      <trkpt lat="31.42649" lon="-6.01410"/>
      <trkpt lat="31.42740" lon="-6.01542"/>
      <trkpt lat="31.42761" lon="-6.01728"/>
      <trkpt lat="31.42732" lon="-6.01866"/>
      <trkpt lat="31.42783" lon="-6.01893"/>
      <trkpt lat="31.42883" lon="-6.01886"/>
      <trkpt lat="31.42960" lon="-6.02058"/>
      <trkpt lat="31.42966" lon="-6.02348"/>
      <trkpt lat="31.42929" lon="-6.02451"/>
      <trkpt lat="31.43005" lon="-6.02427"/>
      <trkpt lat="31.43074" lon="-6.02525"/>
      <trkpt lat="31.43202" lon="-6.02568"/>
      <trkpt lat="31.43208" lon="-6.02599"/>
      <trkpt lat="31.43151" lon="-6.02825"/>
      <trkpt lat="31.43187" lon="-6.03018"/>
      <trkpt lat="31.43167" lon="-6.03061"/>
      <trkpt lat="31.43071" lon="-6.03066"/>
      <trkpt lat="31.42998" lon="-6.03112"/>
      <trkpt lat="31.42870" lon="-6.03347"/>
      <trkpt lat="31.42825" lon="-6.03517"/>
      <trkpt lat="31.42883" lon="-6.04084"/>
      <trkpt lat="31.43013" lon="-6.04300"/>
      <trkpt lat="31.42985" lon="-6.04556"/>
      <trkpt lat="31.43053" lon="-6.04734"/>
      <trkpt lat="31.43067" lon="-6.04901"/>
      <trkpt lat="31.43026" lon="-6.05009"/>
      <trkpt lat="31.43036" lon="-6.05248"/>
      <trkpt lat="31.43184" lon="-6.05397"/>
      <trkpt lat="31.43098" lon="-6.05714"/>
      <trkpt lat="31.43039" lon="-6.05763"/>
      <trkpt lat="31.43017" lon="-6.05895"/>
      <trkpt lat="31.43108" lon="-6.05994"/>
      <trkpt lat="31.43265" lon="-6.06094"/>
      <trkpt lat="31.43505" lon="-6.06425"/>
      <trkpt lat="31.43646" lon="-6.06455"/>
      <trkpt lat="31.43784" lon="-6.06582"/>
      <trkpt lat="31.44043" lon="-6.06860"/>
      <trkpt lat="31.44098" lon="-6.07006"/>
      <trkpt lat="31.44194" lon="-6.06990"/>
      <trkpt lat="31.44255" lon="-6.07031"/>
      <trkpt lat="31.44396" lon="-6.07448"/>
      <trkpt lat="31.44351" lon="-6.07674"/>
      <trkpt lat="31.44458" lon="-6.07852"/>
      <trkpt lat="31.44400" lon="-6.07952"/>
      <trkpt lat="31.44388" lon="-6.08141"/>
      <trkpt lat="31.44317" lon="-6.08133"/>
      <trkpt lat="31.44226" lon="-6.08412"/>
      <trkpt lat="31.44238" lon="-6.08668"/>
      <trkpt lat="31.44311" lon="-6.09007"/>
      <trkpt lat="31.44221" lon="-6.09109"/>
      <trkpt lat="31.44068" lon="-6.09157"/>
      <trkpt lat="31.44063" lon="-6.09226"/>
      <trkpt lat="31.44142" lon="-6.09278"/>
      <trkpt lat="31.44156" lon="-6.09382"/>
      <trkpt lat="31.44054" lon="-6.09481"/>
      <trkpt lat="31.44021" lon="-6.09643"/>
      <trkpt lat="31.43923" lon="-6.09814"/>
      <trkpt lat="31.43933" lon="-6.09921"/>
      <trkpt lat="31.44060" lon="-6.10004"/>
      <trkpt lat="31.44066" lon="-6.10060"/>
      <trkpt lat="31.43982" lon="-6.10099"/>
      <trkpt lat="31.44124" lon="-6.10229"/>
      <trkpt lat="31.44045" lon="-6.10324"/>
      <trkpt lat="31.44209" lon="-6.10544"/>
      <trkpt lat="31.44186" lon="-6.10701"/>
      <trkpt lat="31.44019" lon="-6.10834"/>
      <trkpt lat="31.44045" lon="-6.11030"/>
      <trkpt lat="31.44100" lon="-6.11076"/>
      <trkpt lat="31.44042" lon="-6.11161"/>
      <trkpt lat="31.44205" lon="-6.11485"/>
      <trkpt lat="31.44123" lon="-6.11540"/>
      <trkpt lat="31.44179" lon="-6.11538"/>
      <trkpt lat="31.44229" lon="-6.11627"/>
      <trkpt lat="31.44281" lon="-6.11477"/>
      <trkpt lat="31.44376" lon="-6.11613"/>
      <trkpt lat="31.44479" lon="-6.11498"/>
      <trkpt lat="31.44512" lon="-6.11591"/>
      <trkpt lat="31.44584" lon="-6.11559"/>
      <trkpt lat="31.44574" lon="-6.11661"/>
      <trkpt lat="31.44501" lon="-6.11826"/>
      <trkpt lat="31.44474" lon="-6.12066"/>
      <trkpt lat="31.44300" lon="-6.12456"/>
      <trkpt lat="31.44295" lon="-6.12525"/>
      <trkpt lat="31.44334" lon="-6.12706"/>
      <trkpt lat="31.44417" lon="-6.12825"/>
      <trkpt lat="31.44462" lon="-6.12997"/>
      <trkpt lat="31.44520" lon="-6.13074"/>
      <trkpt lat="31.44535" lon="-6.12997"/>
      <trkpt lat="31.44592" lon="-6.13158"/>
      <trkpt lat="31.44617" lon="-6.13393"/>
      <trkpt lat="31.44588" lon="-6.13442"/>
      <trkpt lat="31.44499" lon="-6.13437"/>
      <trkpt lat="31.44473" lon="-6.13482"/>
      <trkpt lat="31.44652" lon="-6.13556"/>
      <trkpt lat="31.44650" lon="-6.13627"/>
      <trkpt lat="31.44334" lon="-6.13971"/>
      <trkpt lat="31.44179" lon="-6.14094"/>
      <trkpt lat="31.44031" lon="-6.14280"/>
      <trkpt lat="31.43929" lon="-6.14537"/>
      <trkpt lat="31.43729" lon="-6.14524"/>
      <trkpt lat="31.43655" lon="-6.14588"/>
      <trkpt lat="31.43654" lon="-6.14633"/>
      <trkpt lat="31.43716" lon="-6.14601"/>
      <trkpt lat="31.43779" lon="-6.14651"/>
      <trkpt lat="31.43613" lon="-6.14892"/>
      <trkpt lat="31.43505" lon="-6.14974"/>
      <trkpt lat="31.43652" lon="-6.15029"/>
      <trkpt lat="31.43832" lon="-6.15293"/>
      <trkpt lat="31.43894" lon="-6.15550"/>
      <trkpt lat="31.44038" lon="-6.15760"/>
      <trkpt lat="31.44185" lon="-6.16192"/>
      <trkpt lat="31.44179" lon="-6.16620"/>
      <trkpt lat="31.44235" lon="-6.16786"/>
      <trkpt lat="31.44209" lon="-6.17057"/>
      <trkpt lat="31.44237" lon="-6.17274"/>
      <trkpt lat="31.44166" lon="-6.17872"/>
      <trkpt lat="31.44302" lon="-6.18096"/>
      <trkpt lat="31.44213" lon="-6.18349"/>
      <trkpt lat="31.43731" lon="-6.18930"/>
      <trkpt lat="31.43219" lon="-6.19751"/>
      <trkpt lat="31.43086" lon="-6.19996"/>
      <trkpt lat="31.43080" lon="-6.20103"/>
      <trkpt lat="31.42896" lon="-6.20242"/>
      <trkpt lat="31.43070" lon="-6.20426"/>
      <trkpt lat="31.43203" lon="-6.20484"/>
      <trkpt lat="31.43199" lon="-6.20580"/>
      <trkpt lat="31.43166" lon="-6.20687"/>
      <trkpt lat="31.43095" lon="-6.20779"/>
      <trkpt lat="31.43102" lon="-6.20881"/>
      <trkpt lat="31.42996" lon="-6.20899"/>
      <trkpt lat="31.42901" lon="-6.21025"/>
      <trkpt lat="31.42799" lon="-6.21049"/>
      <trkpt lat="31.42701" lon="-6.21725"/>
      <trkpt lat="31.42523" lon="-6.21968"/>
      <trkpt lat="31.42477" lon="-6.22158"/>
      <trkpt lat="31.42408" lon="-6.22268"/>
      <trkpt lat="31.42327" lon="-6.22366"/>
      <trkpt lat="31.42206" lon="-6.22394"/>
      <trkpt lat="31.41842" lon="-6.22237"/>
      <trkpt lat="31.41772" lon="-6.22344"/>
      <trkpt lat="31.41799" lon="-6.22472"/>
      <trkpt lat="31.41768" lon="-6.22723"/>
      <trkpt lat="31.41587" lon="-6.23042"/>
      <trkpt lat="31.41344" lon="-6.23156"/>
      <trkpt lat="31.41285" lon="-6.23243"/>
      <trkpt lat="31.41009" lon="-6.23220"/>
      <trkpt lat="31.40893" lon="-6.23733"/>
      <trkpt lat="31.40924" lon="-6.24333"/>
      <trkpt lat="31.40888" lon="-6.24547"/>
      <trkpt lat="31.40800" lon="-6.24714"/>
      <trkpt lat="31.40851" lon="-6.24811"/>
      <trkpt lat="31.40753" lon="-6.24941"/>
      <trkpt lat="31.40754" lon="-6.25180"/>
      <trkpt lat="31.40626" lon="-6.25561"/>
      <trkpt lat="31.40620" lon="-6.25746"/>
      <trkpt lat="31.40547" lon="-6.26095"/>
      <trkpt lat="31.40558" lon="-6.26461"/>
      <trkpt lat="31.40498" lon="-6.26589"/>
      <trkpt lat="31.40403" lon="-6.26697"/>
      <trkpt lat="31.40451" lon="-6.26938"/>
      <trkpt lat="31.40452" lon="-6.27194"/>
      <trkpt lat="31.40370" lon="-6.27334"/>
      <trkpt lat="31.40385" lon="-6.27402"/>
      <trkpt lat="31.40419" lon="-6.27405"/>
      <trkpt lat="31.40510" lon="-6.27342"/>
      <trkpt lat="31.40654" lon="-6.27341"/>
      <trkpt lat="31.40701" lon="-6.27459"/>
      <trkpt lat="31.40889" lon="-6.27620"/>
      <trkpt lat="31.40853" lon="-6.28450"/>
      <trkpt lat="31.40767" lon="-6.28944"/>
      <trkpt lat="31.40670" lon="-6.28986"/>
      <trkpt lat="31.40745" lon="-6.29148"/>
      <trkpt lat="31.40720" lon="-6.29509"/>
      <trkpt lat="31.40635" lon="-6.29751"/>
      <trkpt lat="31.40478" lon="-6.29888"/>
      <trkpt lat="31.40231" lon="-6.30028"/>
      <trkpt lat="31.39961" lon="-6.30316"/>
      <trkpt lat="31.39850" lon="-6.30479"/>
      <trkpt lat="31.39823" lon="-6.30684"/>
      <trkpt lat="31.39607" lon="-6.30934"/>
      <trkpt lat="31.39552" lon="-6.31074"/>
      <trkpt lat="31.39325" lon="-6.34125"/>
      <trkpt lat="31.39027" lon="-6.34522"/>
      <trkpt lat="31.39031" lon="-6.34720"/>
      <trkpt lat="31.38880" lon="-6.34999"/>
      <trkpt lat="31.38813" lon="-6.35220"/>
      <trkpt lat="31.38697" lon="-6.35363"/>
      <trkpt lat="31.38621" lon="-6.35534"/>
      <trkpt lat="31.38460" lon="-6.35705"/>
      <trkpt lat="31.38203" lon="-6.36122"/>
      <trkpt lat="31.38195" lon="-6.36185"/>
      <trkpt lat="31.37852" lon="-6.36685"/>
      <trkpt lat="31.37567" lon="-6.37342"/>
      <trkpt lat="31.37516" lon="-6.37545"/>
      <trkpt lat="31.37370" lon="-6.37707"/>
      <trkpt lat="31.37258" lon="-6.37931"/>
      <trkpt lat="31.37164" lon="-6.37945"/>
      <trkpt lat="31.36998" lon="-6.38388"/>
      <trkpt lat="31.37005" lon="-6.38513"/>
      <trkpt lat="31.37058" lon="-6.38547"/>
      <trkpt lat="31.36977" lon="-6.38925"/>
      <trkpt lat="31.36907" lon="-6.38994"/>
      <trkpt lat="31.36890" lon="-6.39121"/>
      <trkpt lat="31.36965" lon="-6.39342"/>
      <trkpt lat="31.36946" lon="-6.39469"/>
      <trkpt lat="31.36967" lon="-6.39514"/>
      <trkpt lat="31.36852" lon="-6.39808"/>
      <trkpt lat="31.36808" lon="-6.39834"/>
      <trkpt lat="31.36807" lon="-6.39896"/>
      <trkpt lat="31.36669" lon="-6.40087"/>
      <trkpt lat="31.35833" lon="-6.39943"/>
      <trkpt lat="31.35214" lon="-6.39690"/>
      <trkpt lat="31.35137" lon="-6.39869"/>
      <trkpt lat="31.35057" lon="-6.40200"/>
      <trkpt lat="31.34967" lon="-6.40326"/>
      <trkpt lat="31.33261" lon="-6.40525"/>
      <trkpt lat="31.32902" lon="-6.40439"/>
      <trkpt lat="31.32230" lon="-6.40735"/>
      <trkpt lat="31.31604" lon="-6.40838"/>
      <trkpt lat="31.31362" lon="-6.41015"/>
      <trkpt lat="31.31021" lon="-6.41514"/>
      <trkpt lat="31.30849" lon="-6.42117"/>
      <trkpt lat="31.30895" lon="-6.42569"/>
      <trkpt lat="31.31033" lon="-6.43248"/>
      <trkpt lat="31.30998" lon="-6.43673"/>
      <trkpt lat="31.30861" lon="-6.44426"/>
      <trkpt lat="31.30696" lon="-6.44861"/>
      <trkpt lat="31.30656" lon="-6.45091"/>
      <trkpt lat="31.30680" lon="-6.45379"/>
      <trkpt lat="31.30747" lon="-6.45660"/>
      <trkpt lat="31.30658" lon="-6.45811"/>
      <trkpt lat="31.30590" lon="-6.46078"/>
      <trkpt lat="31.30607" lon="-6.46177"/>
      <trkpt lat="31.30558" lon="-6.46292"/>
      <trkpt lat="31.30560" lon="-6.46455"/>
      <trkpt lat="31.30455" lon="-6.46544"/>
      <trkpt lat="31.30493" lon="-6.46703"/>
      <trkpt lat="31.30421" lon="-6.46956"/>
      <trkpt lat="31.30454" lon="-6.47056"/>
      <trkpt lat="31.30501" lon="-6.47086"/>
      <trkpt lat="31.30518" lon="-6.47195"/>
      <trkpt lat="31.30634" lon="-6.47236"/>
      <trkpt lat="31.30703" lon="-6.47329"/>
      <trkpt lat="31.30707" lon="-6.47448"/>
      <trkpt lat="31.30769" lon="-6.47468"/>
      <trkpt lat="31.30816" lon="-6.47595"/>
      <trkpt lat="31.30951" lon="-6.47705"/>
      <trkpt lat="31.30983" lon="-6.47909"/>
      <trkpt lat="31.31088" lon="-6.48049"/>
      <trkpt lat="31.31215" lon="-6.48364"/>
      <trkpt lat="31.31223" lon="-6.48476"/>
      <trkpt lat="31.31088" lon="-6.48834"/>
      <trkpt lat="31.31196" lon="-6.48990"/>
      <trkpt lat="31.31247" lon="-6.49151"/>
      <trkpt lat="31.31124" lon="-6.49305"/>
      <trkpt lat="31.31106" lon="-6.49404"/>
      <trkpt lat="31.31130" lon="-6.49526"/>
      <trkpt lat="31.31008" lon="-6.50033"/>
      <trkpt lat="31.30806" lon="-6.50176"/>
      <trkpt lat="31.30817" lon="-6.50433"/>
      <trkpt lat="31.30960" lon="-6.50830"/>
      <trkpt lat="31.30911" lon="-6.50930"/>
      <trkpt lat="31.30928" lon="-6.51124"/>
      <trkpt lat="31.31038" lon="-6.51164"/>
      <trkpt lat="31.31128" lon="-6.51515"/>
      <trkpt lat="31.31154" lon="-6.51804"/>
      <trkpt lat="31.31027" lon="-6.52034"/>
      <trkpt lat="31.30989" lon="-6.52264"/>
      <trkpt lat="31.30884" lon="-6.52538"/>
      <trkpt lat="31.30895" lon="-6.53047"/>
      <trkpt lat="31.30997" lon="-6.53611"/>
      <trkpt lat="31.31099" lon="-6.53751"/>
      <trkpt lat="31.31200" lon="-6.54014"/>
      <trkpt lat="31.31213" lon="-6.54244"/>
      <trkpt lat="31.30947" lon="-6.54866"/>
      <trkpt lat="31.30814" lon="-6.55072"/>
      <trkpt lat="31.30453" lon="-6.55407"/>
      <trkpt lat="31.30253" lon="-6.55654"/>
      <trkpt lat="31.30100" lon="-6.55754"/>
      <trkpt lat="31.29875" lon="-6.55815"/>
      <trkpt lat="31.29670" lon="-6.55912"/>
      <trkpt lat="31.29629" lon="-6.56055"/>
      <trkpt lat="31.29400" lon="-6.56040"/>
      <trkpt lat="31.29342" lon="-6.56169"/>
      <trkpt lat="31.29156" lon="-6.56376"/>
      <trkpt lat="31.29115" lon="-6.56474"/>
      <trkpt lat="31.28979" lon="-6.56531"/>
      <trkpt lat="31.28794" lon="-6.56702"/>
      <trkpt lat="31.28728" lon="-6.56865"/>
      <trkpt lat="31.28612" lon="-6.56923"/>
      <trkpt lat="31.28557" lon="-6.56979"/>
      <trkpt lat="31.28525" lon="-6.57107"/>
      <trkpt lat="31.28389" lon="-6.57191"/>
      <trkpt lat="31.28317" lon="-6.57278"/>
      <trkpt lat="31.28300" lon="-6.57364"/>
      <trkpt lat="31.28353" lon="-6.57500"/>
      <trkpt lat="31.28521" lon="-6.57713"/>
      <trkpt lat="31.28610" lon="-6.57892"/>
      <trkpt lat="31.28624" lon="-6.58016"/>
      <trkpt lat="31.28405" lon="-6.58135"/>
      <trkpt lat="31.28336" lon="-6.58129"/>
      <trkpt lat="31.28282" lon="-6.58211"/>
      <trkpt lat="31.28176" lon="-6.58247"/>
      <trkpt lat="31.28001" lon="-6.58174"/>
      <trkpt lat="31.27687" lon="-6.58127"/>
      <trkpt lat="31.27685" lon="-6.58183"/>
      <trkpt lat="31.27767" lon="-6.58277"/>
      <trkpt lat="31.27661" lon="-6.58260"/>
      <trkpt lat="31.27555" lon="-6.58314"/>
      <trkpt lat="31.27480" lon="-6.58428"/>
      <trkpt lat="31.27118" lon="-6.58742"/>
      <trkpt lat="31.27014" lon="-6.58975"/>
      <trkpt lat="31.26690" lon="-6.59035"/>
      <trkpt lat="31.26562" lon="-6.59172"/>
      <trkpt lat="31.26463" lon="-6.59207"/>
      <trkpt lat="31.26127" lon="-6.59245"/>
      <trkpt lat="31.25945" lon="-6.59202"/>
      <trkpt lat="31.25418" lon="-6.59184"/>
      <trkpt lat="31.24578" lon="-6.59094"/>
      <trkpt lat="31.24501" lon="-6.59049"/>
      <trkpt lat="31.24438" lon="-6.58930"/>
      <trkpt lat="31.24262" lon="-6.57806"/>
      <trkpt lat="31.24225" lon="-6.57765"/>
      <trkpt lat="31.24112" lon="-6.57736"/>
      <trkpt lat="31.22798" lon="-6.57748"/>
      <trkpt lat="31.20399" lon="-6.57388"/>
      <trkpt lat="31.20233" lon="-6.57469"/>
      <trkpt lat="31.19802" lon="-6.58204"/>
      <trkpt lat="31.19699" lon="-6.58302"/>
      <trkpt lat="31.18995" lon="-6.58352"/>
      <trkpt lat="31.18448" lon="-6.58283"/>
      <trkpt lat="31.17818" lon="-6.58109"/>
      <trkpt lat="31.17639" lon="-6.57995"/>
      <trkpt lat="31.17008" lon="-6.57711"/>
      <trkpt lat="31.16801" lon="-6.57547"/>
      <trkpt lat="31.15726" lon="-6.57116"/>
      <trkpt lat="31.15652" lon="-6.57003"/>
      <trkpt lat="31.15516" lon="-6.56565"/>
      <trkpt lat="31.15404" lon="-6.56477"/>
      <trkpt lat="31.13565" lon="-6.56314"/>
      <trkpt lat="31.13391" lon="-6.56190"/>
      <trkpt lat="31.13053" lon="-6.55861"/>
      <trkpt lat="31.12933" lon="-6.55803"/>
      <trkpt lat="31.09926" lon="-6.55746"/>
      <trkpt lat="31.07289" lon="-6.54970"/>
      <trkpt lat="31.07102" lon="-6.54941"/>
      <trkpt lat="31.06470" lon="-6.55098"/>
      <trkpt lat="31.06362" lon="-6.55002"/>
      <trkpt lat="31.05546" lon="-6.56280"/>
      <trkpt lat="31.05378" lon="-6.56455"/>
      <trkpt lat="31.05220" lon="-6.56713"/>
      <trkpt lat="31.04542" lon="-6.57456"/>
      <trkpt lat="31.04081" lon="-6.57662"/>
      <trkpt lat="31.03723" lon="-6.58019"/>
      <trkpt lat="31.03574" lon="-6.58110"/>
      <trkpt lat="31.02665" lon="-6.58179"/>
      <trkpt lat="31.02491" lon="-6.58230"/>
      <trkpt lat="31.01995" lon="-6.58863"/>
      <trkpt lat="31.01288" lon="-6.59865"/>
      <trkpt lat="31.01269" lon="-6.60018"/>
      <trkpt lat="31.01554" lon="-6.60902"/>
      <trkpt lat="31.01551" lon="-6.60984"/>
      <trkpt lat="31.01312" lon="-6.61321"/>
      <trkpt lat="31.00904" lon="-6.61595"/>
      <trkpt lat="31.00750" lon="-6.61769"/>
      <trkpt lat="31.00703" lon="-6.62014"/>
      <trkpt lat="31.00770" lon="-6.62524"/>
      <trkpt lat="31.00743" lon="-6.62811"/>
      <trkpt lat="31.00568" lon="-6.63205"/>
      <trkpt lat="30.99864" lon="-6.65255"/>
      <trkpt lat="30.98907" lon="-6.68312"/>
      <trkpt lat="30.98681" lon="-6.69445"/>
      <trkpt lat="30.97439" lon="-6.72675"/>
      <trkpt lat="30.97422" lon="-6.72801"/>
      <trkpt lat="30.97514" lon="-6.73787"/>
      <trkpt lat="30.97690" lon="-6.77461"/>
      <trkpt lat="30.97846" lon="-6.77860"/>
      <trkpt lat="30.97855" lon="-6.77976"/>
      <trkpt lat="30.97629" lon="-6.78834"/>
      <trkpt lat="30.97626" lon="-6.78945"/>
      <trkpt lat="30.97672" lon="-6.79126"/>
      <trkpt lat="30.97957" lon="-6.79527"/>
      <trkpt lat="30.97981" lon="-6.79727"/>
      <trkpt lat="30.97749" lon="-6.80584"/>
      <trkpt lat="30.96996" lon="-6.83784"/>
      <trkpt lat="30.96914" lon="-6.83921"/>
      <trkpt lat="30.96535" lon="-6.84286"/>
      <trkpt lat="30.96251" lon="-6.84764"/>
      <trkpt lat="30.95797" lon="-6.85972"/>
      <trkpt lat="30.95180" lon="-6.87177"/>
      <trkpt lat="30.93596" lon="-6.88935"/>
      <trkpt lat="30.93469" lon="-6.88996"/>
      <trkpt lat="30.92694" lon="-6.88994"/>
      <trkpt lat="30.92535" lon="-6.89068"/>
      <trkpt lat="30.92461" lon="-6.89208"/>
      <trkpt lat="30.92439" lon="-6.89167"/>
      <trkpt lat="30.92351" lon="-6.89140"/>
      <trkpt lat="30.92116" lon="-6.89117"/>
      <trkpt lat="30.92054" lon="-6.89059"/>
      <trkpt lat="30.92007" lon="-6.89154"/>
      <trkpt lat="30.92011" lon="-6.89279"/>
      <trkpt lat="30.91931" lon="-6.89557"/>
      <trkpt lat="30.92030" lon="-6.89628"/>
      <trkpt lat="30.92008" lon="-6.89730"/>
      <trkpt lat="30.92177" lon="-6.89734"/>
      <trkpt lat="30.92290" lon="-6.89688"/>
      <trkpt lat="30.92079" lon="-6.89819"/>
      <trkpt lat="30.92047" lon="-6.89912"/>
      <trkpt lat="30.92063" lon="-6.90103"/>
      <trkpt lat="30.91902" lon="-6.90133"/>
      <trkpt lat="30.91873" lon="-6.90182"/>
      <trkpt lat="30.91902" lon="-6.90698"/>
      <trkpt lat="30.92048" lon="-6.91216"/>
      <trkpt lat="30.92014" lon="-6.91965"/>
      <trkpt lat="30.92059" lon="-6.92106"/>
      <trkpt lat="30.93232" lon="-6.95414"/>
      <trkpt lat="30.93694" lon="-6.96169"/>
      <trkpt lat="30.93799" lon="-6.96424"/>
      <trkpt lat="30.94081" lon="-6.98828"/>
      <trkpt lat="30.94095" lon="-6.98887"/>
      <trkpt lat="30.94283" lon="-6.99066"/>
      <trkpt lat="30.94371" lon="-6.99739"/>
      <trkpt lat="30.94402" lon="-7.00322"/>
      <trkpt lat="30.94657" lon="-7.01110"/>
      <trkpt lat="30.94820" lon="-7.03469"/>
      <trkpt lat="30.94990" lon="-7.03809"/>
      <trkpt lat="30.95443" lon="-7.04313"/>
      <trkpt lat="30.95734" lon="-7.04503"/>
      <trkpt lat="30.96010" lon="-7.04545"/>
      <trkpt lat="30.96098" lon="-7.04602"/>
      <trkpt lat="30.97102" lon="-7.05865"/>
      <trkpt lat="30.97125" lon="-7.06085"/>
      <trkpt lat="30.97612" lon="-7.06474"/>
      <trkpt lat="30.97635" lon="-7.06528"/>
      <trkpt lat="30.97636" lon="-7.06582"/>
      <trkpt lat="30.97580" lon="-7.06667"/>
      <trkpt lat="30.97120" lon="-7.07235"/>
      <trkpt lat="30.97169" lon="-7.07411"/>
      <trkpt lat="30.97011" lon="-7.07499"/>
      <trkpt lat="30.96897" lon="-7.07520"/>
      <trkpt lat="30.96904" lon="-7.07635"/>
      <trkpt lat="30.96828" lon="-7.07714"/>
      <trkpt lat="30.96803" lon="-7.07918"/>
      <trkpt lat="30.96828" lon="-7.08505"/>
      <trkpt lat="30.97075" lon="-7.09203"/>
      <trkpt lat="30.97198" lon="-7.09222"/>
      <trkpt lat="30.97507" lon="-7.09349"/>
      <trkpt lat="30.97566" lon="-7.09425"/>
      <trkpt lat="30.97483" lon="-7.10394"/>
      <trkpt lat="30.97522" lon="-7.10437"/>
      <trkpt lat="30.97962" lon="-7.10353"/>
      <trkpt lat="30.98180" lon="-7.10545"/>
      <trkpt lat="30.98403" lon="-7.10621"/>
      <trkpt lat="30.98699" lon="-7.10560"/>
      <trkpt lat="30.98856" lon="-7.10473"/>
      <trkpt lat="30.99043" lon="-7.10535"/>
      <trkpt lat="30.99253" lon="-7.10700"/>
      <trkpt lat="30.99730" lon="-7.10711"/>
      <trkpt lat="30.99826" lon="-7.10681"/>
      <trkpt lat="31.00061" lon="-7.10487"/>
      <trkpt lat="31.00480" lon="-7.10437"/>
      <trkpt lat="31.00963" lon="-7.10215"/>
      <trkpt lat="31.01100" lon="-7.10214"/>
      <trkpt lat="31.01218" lon="-7.10252"/>
      <trkpt lat="31.01500" lon="-7.10511"/>
      <trkpt lat="31.01669" lon="-7.10863"/>
      <trkpt lat="31.01978" lon="-7.11226"/>
      <trkpt lat="31.02148" lon="-7.11365"/>
      <trkpt lat="31.02468" lon="-7.11555"/>
      <trkpt lat="31.02669" lon="-7.11745"/>
      <trkpt lat="31.02927" lon="-7.12113"/>
      <trkpt lat="31.03048" lon="-7.12186"/>
      <trkpt lat="31.03399" lon="-7.12280"/>
      <trkpt lat="31.03832" lon="-7.12489"/>
      <trkpt lat="31.03915" lon="-7.12558"/>
      <trkpt lat="31.04169" lon="-7.12921"/>
      <trkpt lat="31.04252" lon="-7.12978"/>
      <trkpt lat="31.04309" lon="-7.12909"/>
      <trkpt lat="31.04392" lon="-7.12907"/>
      <trkpt lat="31.04454" lon="-7.12946"/>
      <trkpt lat="31.04578" lon="-7.12939"/>
      <trkpt lat="31.04551" lon="-7.12849"/>
      <trkpt lat="31.04572" lon="-7.12763"/>
      <trkpt lat="31.04631" lon="-7.12775"/>
      <trkpt lat="31.04661" lon="-7.12868"/>
    </trkseg>
  </trk>
  <trk><name>Day 7 · Aït Benhaddou → Tizi n'Tichka → Marrakech (195)</name><desc>Day 7 - follows the actual roads</desc>
    <trkseg>
      <trkpt lat="31.04661" lon="-7.12868"/>
      <trkpt lat="31.04601" lon="-7.12760"/>
      <trkpt lat="31.04546" lon="-7.12821"/>
      <trkpt lat="31.04556" lon="-7.12933"/>
      <trkpt lat="31.04326" lon="-7.12905"/>
      <trkpt lat="31.04282" lon="-7.12943"/>
      <trkpt lat="31.04260" lon="-7.13033"/>
      <trkpt lat="31.04771" lon="-7.13617"/>
      <trkpt lat="31.04912" lon="-7.13969"/>
      <trkpt lat="31.05558" lon="-7.14346"/>
      <trkpt lat="31.05788" lon="-7.14391"/>
      <trkpt lat="31.05963" lon="-7.14513"/>
      <trkpt lat="31.06103" lon="-7.14551"/>
      <trkpt lat="31.06627" lon="-7.14438"/>
      <trkpt lat="31.06696" lon="-7.14364"/>
      <trkpt lat="31.06776" lon="-7.14185"/>
      <trkpt lat="31.06898" lon="-7.14138"/>
      <trkpt lat="31.07313" lon="-7.14192"/>
      <trkpt lat="31.07461" lon="-7.14248"/>
      <trkpt lat="31.07867" lon="-7.14146"/>
      <trkpt lat="31.07937" lon="-7.14174"/>
      <trkpt lat="31.08081" lon="-7.14315"/>
      <trkpt lat="31.08632" lon="-7.14460"/>
      <trkpt lat="31.08916" lon="-7.14210"/>
      <trkpt lat="31.09069" lon="-7.14142"/>
      <trkpt lat="31.09275" lon="-7.14116"/>
      <trkpt lat="31.09361" lon="-7.14042"/>
      <trkpt lat="31.09496" lon="-7.14046"/>
      <trkpt lat="31.09551" lon="-7.13988"/>
      <trkpt lat="31.09613" lon="-7.13999"/>
      <trkpt lat="31.09604" lon="-7.13938"/>
      <trkpt lat="31.09711" lon="-7.13989"/>
      <trkpt lat="31.09916" lon="-7.13937"/>
      <trkpt lat="31.10029" lon="-7.14093"/>
      <trkpt lat="31.10170" lon="-7.14108"/>
      <trkpt lat="31.10314" lon="-7.14074"/>
      <trkpt lat="31.10440" lon="-7.14025"/>
      <trkpt lat="31.10905" lon="-7.13686"/>
      <trkpt lat="31.11319" lon="-7.13700"/>
      <trkpt lat="31.11335" lon="-7.13605"/>
      <trkpt lat="31.11599" lon="-7.13456"/>
      <trkpt lat="31.11688" lon="-7.13361"/>
      <trkpt lat="31.11864" lon="-7.13364"/>
      <trkpt lat="31.11985" lon="-7.13512"/>
      <trkpt lat="31.12418" lon="-7.13615"/>
      <trkpt lat="31.12525" lon="-7.13364"/>
      <trkpt lat="31.12944" lon="-7.13209"/>
      <trkpt lat="31.13345" lon="-7.13140"/>
      <trkpt lat="31.13423" lon="-7.13030"/>
      <trkpt lat="31.13499" lon="-7.12662"/>
      <trkpt lat="31.13599" lon="-7.12713"/>
      <trkpt lat="31.13845" lon="-7.13016"/>
      <trkpt lat="31.13893" lon="-7.13009"/>
      <trkpt lat="31.13962" lon="-7.13091"/>
      <trkpt lat="31.14037" lon="-7.13064"/>
      <trkpt lat="31.14103" lon="-7.13102"/>
      <trkpt lat="31.14157" lon="-7.13228"/>
      <trkpt lat="31.14158" lon="-7.13600"/>
      <trkpt lat="31.14112" lon="-7.13804"/>
      <trkpt lat="31.14148" lon="-7.13905"/>
      <trkpt lat="31.14282" lon="-7.14048"/>
      <trkpt lat="31.14383" lon="-7.14117"/>
      <trkpt lat="31.14510" lon="-7.14153"/>
      <trkpt lat="31.14652" lon="-7.14091"/>
      <trkpt lat="31.14762" lon="-7.13994"/>
      <trkpt lat="31.14781" lon="-7.13748"/>
      <trkpt lat="31.14863" lon="-7.13484"/>
      <trkpt lat="31.14809" lon="-7.13260"/>
      <trkpt lat="31.14846" lon="-7.13098"/>
      <trkpt lat="31.15001" lon="-7.13474"/>
      <trkpt lat="31.15089" lon="-7.13518"/>
      <trkpt lat="31.15439" lon="-7.13258"/>
      <trkpt lat="31.15570" lon="-7.13235"/>
      <trkpt lat="31.15788" lon="-7.13075"/>
      <trkpt lat="31.15876" lon="-7.12873"/>
      <trkpt lat="31.16041" lon="-7.12767"/>
      <trkpt lat="31.16201" lon="-7.12757"/>
      <trkpt lat="31.16678" lon="-7.12904"/>
      <trkpt lat="31.16824" lon="-7.12881"/>
      <trkpt lat="31.17168" lon="-7.12894"/>
      <trkpt lat="31.17352" lon="-7.12770"/>
      <trkpt lat="31.17552" lon="-7.12564"/>
      <trkpt lat="31.17575" lon="-7.12592"/>
      <trkpt lat="31.17418" lon="-7.13056"/>
      <trkpt lat="31.17624" lon="-7.12697"/>
      <trkpt lat="31.17576" lon="-7.12880"/>
      <trkpt lat="31.17709" lon="-7.12655"/>
      <trkpt lat="31.17767" lon="-7.12737"/>
      <trkpt lat="31.17723" lon="-7.12913"/>
      <trkpt lat="31.17840" lon="-7.13036"/>
      <trkpt lat="31.18157" lon="-7.13033"/>
      <trkpt lat="31.18227" lon="-7.13076"/>
      <trkpt lat="31.18296" lon="-7.13065"/>
      <trkpt lat="31.18437" lon="-7.13155"/>
      <trkpt lat="31.18468" lon="-7.13063"/>
      <trkpt lat="31.18701" lon="-7.13122"/>
      <trkpt lat="31.18856" lon="-7.12943"/>
      <trkpt lat="31.18910" lon="-7.13078"/>
      <trkpt lat="31.18988" lon="-7.13151"/>
      <trkpt lat="31.19211" lon="-7.13178"/>
      <trkpt lat="31.19308" lon="-7.13042"/>
      <trkpt lat="31.19404" lon="-7.13158"/>
      <trkpt lat="31.19482" lon="-7.13144"/>
      <trkpt lat="31.19575" lon="-7.13051"/>
      <trkpt lat="31.19628" lon="-7.13133"/>
      <trkpt lat="31.19802" lon="-7.13105"/>
      <trkpt lat="31.19878" lon="-7.13052"/>
      <trkpt lat="31.19975" lon="-7.13096"/>
      <trkpt lat="31.20114" lon="-7.13097"/>
      <trkpt lat="31.20157" lon="-7.13142"/>
      <trkpt lat="31.20255" lon="-7.13143"/>
      <trkpt lat="31.20326" lon="-7.13103"/>
      <trkpt lat="31.20442" lon="-7.13116"/>
      <trkpt lat="31.20651" lon="-7.13334"/>
      <trkpt lat="31.20697" lon="-7.13237"/>
      <trkpt lat="31.20758" lon="-7.13337"/>
      <trkpt lat="31.20881" lon="-7.13382"/>
      <trkpt lat="31.20953" lon="-7.13350"/>
      <trkpt lat="31.21113" lon="-7.12998"/>
      <trkpt lat="31.21179" lon="-7.13145"/>
      <trkpt lat="31.21175" lon="-7.13326"/>
      <trkpt lat="31.21303" lon="-7.13359"/>
      <trkpt lat="31.21465" lon="-7.13479"/>
      <trkpt lat="31.21555" lon="-7.13420"/>
      <trkpt lat="31.21621" lon="-7.13436"/>
      <trkpt lat="31.21595" lon="-7.13546"/>
      <trkpt lat="31.21614" lon="-7.13649"/>
      <trkpt lat="31.21740" lon="-7.13773"/>
      <trkpt lat="31.21806" lon="-7.13777"/>
      <trkpt lat="31.21857" lon="-7.13938"/>
      <trkpt lat="31.21924" lon="-7.13991"/>
      <trkpt lat="31.21946" lon="-7.14098"/>
      <trkpt lat="31.22166" lon="-7.14193"/>
      <trkpt lat="31.22163" lon="-7.14345"/>
      <trkpt lat="31.22416" lon="-7.14384"/>
      <trkpt lat="31.22601" lon="-7.14500"/>
      <trkpt lat="31.22794" lon="-7.14560"/>
      <trkpt lat="31.22934" lon="-7.14560"/>
      <trkpt lat="31.23177" lon="-7.14826"/>
      <trkpt lat="31.23419" lon="-7.14888"/>
      <trkpt lat="31.23555" lon="-7.14975"/>
      <trkpt lat="31.23663" lon="-7.15126"/>
      <trkpt lat="31.23744" lon="-7.15144"/>
      <trkpt lat="31.23783" lon="-7.15197"/>
      <trkpt lat="31.24005" lon="-7.15186"/>
      <trkpt lat="31.24247" lon="-7.15397"/>
      <trkpt lat="31.24410" lon="-7.15404"/>
      <trkpt lat="31.24539" lon="-7.15493"/>
      <trkpt lat="31.24839" lon="-7.15305"/>
      <trkpt lat="31.25329" lon="-7.15160"/>
      <trkpt lat="31.25529" lon="-7.15176"/>
      <trkpt lat="31.25622" lon="-7.15287"/>
      <trkpt lat="31.25923" lon="-7.15286"/>
      <trkpt lat="31.26021" lon="-7.15399"/>
      <trkpt lat="31.26309" lon="-7.15488"/>
      <trkpt lat="31.26699" lon="-7.15185"/>
      <trkpt lat="31.27046" lon="-7.15198"/>
      <trkpt lat="31.27219" lon="-7.15272"/>
      <trkpt lat="31.27541" lon="-7.15186"/>
      <trkpt lat="31.27681" lon="-7.15216"/>
      <trkpt lat="31.27729" lon="-7.15269"/>
      <trkpt lat="31.27766" lon="-7.15128"/>
      <trkpt lat="31.27822" lon="-7.15060"/>
      <trkpt lat="31.28342" lon="-7.15066"/>
      <trkpt lat="31.28401" lon="-7.15100"/>
      <trkpt lat="31.28513" lon="-7.14969"/>
      <trkpt lat="31.28604" lon="-7.14934"/>
      <trkpt lat="31.28677" lon="-7.14950"/>
      <trkpt lat="31.28720" lon="-7.15082"/>
      <trkpt lat="31.28701" lon="-7.15356"/>
      <trkpt lat="31.28812" lon="-7.15474"/>
      <trkpt lat="31.28891" lon="-7.15619"/>
      <trkpt lat="31.28917" lon="-7.15829"/>
      <trkpt lat="31.28910" lon="-7.15901"/>
      <trkpt lat="31.28823" lon="-7.16038"/>
      <trkpt lat="31.28782" lon="-7.16276"/>
      <trkpt lat="31.28828" lon="-7.16966"/>
      <trkpt lat="31.28908" lon="-7.17490"/>
      <trkpt lat="31.28897" lon="-7.17646"/>
      <trkpt lat="31.28644" lon="-7.18241"/>
      <trkpt lat="31.28686" lon="-7.19508"/>
      <trkpt lat="31.28795" lon="-7.19691"/>
      <trkpt lat="31.29034" lon="-7.19830"/>
      <trkpt lat="31.29216" lon="-7.20133"/>
      <trkpt lat="31.29301" lon="-7.20700"/>
      <trkpt lat="31.29518" lon="-7.20905"/>
      <trkpt lat="31.29686" lon="-7.21371"/>
      <trkpt lat="31.29707" lon="-7.21553"/>
      <trkpt lat="31.29744" lon="-7.21631"/>
      <trkpt lat="31.29895" lon="-7.21776"/>
      <trkpt lat="31.29925" lon="-7.21854"/>
      <trkpt lat="31.29936" lon="-7.22611"/>
      <trkpt lat="31.29879" lon="-7.22800"/>
      <trkpt lat="31.29792" lon="-7.22926"/>
      <trkpt lat="31.29219" lon="-7.23364"/>
      <trkpt lat="31.28879" lon="-7.23674"/>
      <trkpt lat="31.28856" lon="-7.23646"/>
      <trkpt lat="31.28859" lon="-7.23741"/>
      <trkpt lat="31.28810" lon="-7.23809"/>
      <trkpt lat="31.28740" lon="-7.23835"/>
      <trkpt lat="31.28732" lon="-7.24000"/>
      <trkpt lat="31.28683" lon="-7.24046"/>
      <trkpt lat="31.28643" lon="-7.24038"/>
      <trkpt lat="31.28607" lon="-7.24249"/>
      <trkpt lat="31.28486" lon="-7.24248"/>
      <trkpt lat="31.28076" lon="-7.24716"/>
      <trkpt lat="31.27854" lon="-7.24783"/>
      <trkpt lat="31.27649" lon="-7.25012"/>
      <trkpt lat="31.27354" lon="-7.25177"/>
      <trkpt lat="31.27187" lon="-7.25206"/>
      <trkpt lat="31.26939" lon="-7.25307"/>
      <trkpt lat="31.26713" lon="-7.25713"/>
      <trkpt lat="31.26716" lon="-7.26021"/>
      <trkpt lat="31.26772" lon="-7.26360"/>
      <trkpt lat="31.26691" lon="-7.26961"/>
      <trkpt lat="31.26705" lon="-7.27653"/>
      <trkpt lat="31.26685" lon="-7.27778"/>
      <trkpt lat="31.26522" lon="-7.28124"/>
      <trkpt lat="31.26552" lon="-7.28568"/>
      <trkpt lat="31.26516" lon="-7.28740"/>
      <trkpt lat="31.26625" lon="-7.28879"/>
      <trkpt lat="31.26681" lon="-7.29073"/>
      <trkpt lat="31.26774" lon="-7.29238"/>
      <trkpt lat="31.26870" lon="-7.29362"/>
      <trkpt lat="31.27009" lon="-7.29460"/>
      <trkpt lat="31.27037" lon="-7.29694"/>
      <trkpt lat="31.26910" lon="-7.29930"/>
      <trkpt lat="31.26851" lon="-7.30213"/>
      <trkpt lat="31.26835" lon="-7.30659"/>
      <trkpt lat="31.26733" lon="-7.30865"/>
      <trkpt lat="31.26597" lon="-7.30944"/>
      <trkpt lat="31.26537" lon="-7.31194"/>
      <trkpt lat="31.26492" lon="-7.31204"/>
      <trkpt lat="31.26421" lon="-7.31117"/>
      <trkpt lat="31.26396" lon="-7.31124"/>
      <trkpt lat="31.26347" lon="-7.31311"/>
      <trkpt lat="31.26267" lon="-7.31293"/>
      <trkpt lat="31.26235" lon="-7.31404"/>
      <trkpt lat="31.26112" lon="-7.31454"/>
      <trkpt lat="31.26016" lon="-7.31540"/>
      <trkpt lat="31.25944" lon="-7.31529"/>
      <trkpt lat="31.25880" lon="-7.31562"/>
      <trkpt lat="31.25822" lon="-7.31624"/>
      <trkpt lat="31.25842" lon="-7.31678"/>
      <trkpt lat="31.26032" lon="-7.31805"/>
      <trkpt lat="31.25923" lon="-7.31984"/>
      <trkpt lat="31.25945" lon="-7.32111"/>
      <trkpt lat="31.25855" lon="-7.32305"/>
      <trkpt lat="31.25812" lon="-7.32652"/>
      <trkpt lat="31.25878" lon="-7.32851"/>
      <trkpt lat="31.25852" lon="-7.33018"/>
      <trkpt lat="31.25889" lon="-7.33355"/>
      <trkpt lat="31.25858" lon="-7.33550"/>
      <trkpt lat="31.25955" lon="-7.33834"/>
      <trkpt lat="31.25910" lon="-7.34064"/>
      <trkpt lat="31.25932" lon="-7.34302"/>
      <trkpt lat="31.26075" lon="-7.34369"/>
      <trkpt lat="31.26109" lon="-7.34415"/>
      <trkpt lat="31.26286" lon="-7.34922"/>
      <trkpt lat="31.26377" lon="-7.35314"/>
      <trkpt lat="31.26373" lon="-7.35379"/>
      <trkpt lat="31.26270" lon="-7.35488"/>
      <trkpt lat="31.26208" lon="-7.35631"/>
      <trkpt lat="31.26297" lon="-7.35777"/>
      <trkpt lat="31.26310" lon="-7.35875"/>
      <trkpt lat="31.26281" lon="-7.35958"/>
      <trkpt lat="31.26141" lon="-7.36122"/>
      <trkpt lat="31.26216" lon="-7.36547"/>
      <trkpt lat="31.26207" lon="-7.36770"/>
      <trkpt lat="31.26086" lon="-7.37059"/>
      <trkpt lat="31.26024" lon="-7.37520"/>
      <trkpt lat="31.26034" lon="-7.37651"/>
      <trkpt lat="31.25909" lon="-7.37897"/>
      <trkpt lat="31.25781" lon="-7.37996"/>
      <trkpt lat="31.25651" lon="-7.38044"/>
      <trkpt lat="31.25746" lon="-7.38076"/>
      <trkpt lat="31.25807" lon="-7.38223"/>
      <trkpt lat="31.25883" lon="-7.38498"/>
      <trkpt lat="31.25938" lon="-7.38575"/>
      <trkpt lat="31.25909" lon="-7.38799"/>
      <trkpt lat="31.25994" lon="-7.38960"/>
      <trkpt lat="31.26018" lon="-7.38972"/>
      <trkpt lat="31.26011" lon="-7.38836"/>
      <trkpt lat="31.26099" lon="-7.38570"/>
      <trkpt lat="31.26225" lon="-7.38413"/>
      <trkpt lat="31.26522" lon="-7.38364"/>
      <trkpt lat="31.26638" lon="-7.38428"/>
      <trkpt lat="31.26752" lon="-7.38417"/>
      <trkpt lat="31.26789" lon="-7.38344"/>
      <trkpt lat="31.26775" lon="-7.38174"/>
      <trkpt lat="31.26863" lon="-7.38060"/>
      <trkpt lat="31.27053" lon="-7.38102"/>
      <trkpt lat="31.27131" lon="-7.38089"/>
      <trkpt lat="31.27248" lon="-7.37934"/>
      <trkpt lat="31.27365" lon="-7.37901"/>
      <trkpt lat="31.27497" lon="-7.37673"/>
      <trkpt lat="31.27640" lon="-7.37589"/>
      <trkpt lat="31.27805" lon="-7.37662"/>
      <trkpt lat="31.27960" lon="-7.37857"/>
      <trkpt lat="31.28022" lon="-7.37844"/>
      <trkpt lat="31.28100" lon="-7.37879"/>
      <trkpt lat="31.28241" lon="-7.38055"/>
      <trkpt lat="31.28291" lon="-7.38295"/>
      <trkpt lat="31.28358" lon="-7.38288"/>
      <trkpt lat="31.28509" lon="-7.38139"/>
      <trkpt lat="31.28584" lon="-7.38112"/>
      <trkpt lat="31.28642" lon="-7.38128"/>
      <trkpt lat="31.28648" lon="-7.38184"/>
      <trkpt lat="31.28530" lon="-7.38381"/>
      <trkpt lat="31.28554" lon="-7.38429"/>
      <trkpt lat="31.28639" lon="-7.38333"/>
      <trkpt lat="31.28841" lon="-7.38221"/>
      <trkpt lat="31.29002" lon="-7.38286"/>
      <trkpt lat="31.29132" lon="-7.38098"/>
      <trkpt lat="31.29108" lon="-7.38244"/>
      <trkpt lat="31.29224" lon="-7.38266"/>
      <trkpt lat="31.29279" lon="-7.38404"/>
      <trkpt lat="31.29412" lon="-7.38352"/>
      <trkpt lat="31.29437" lon="-7.38371"/>
      <trkpt lat="31.29434" lon="-7.38616"/>
      <trkpt lat="31.29549" lon="-7.38809"/>
      <trkpt lat="31.29588" lon="-7.38826"/>
      <trkpt lat="31.29601" lon="-7.38777"/>
      <trkpt lat="31.29566" lon="-7.38781"/>
      <trkpt lat="31.29500" lon="-7.38640"/>
      <trkpt lat="31.29447" lon="-7.38611"/>
      <trkpt lat="31.29425" lon="-7.38354"/>
      <trkpt lat="31.29318" lon="-7.38410"/>
      <trkpt lat="31.29273" lon="-7.38400"/>
      <trkpt lat="31.29235" lon="-7.38280"/>
      <trkpt lat="31.29115" lon="-7.38250"/>
      <trkpt lat="31.29107" lon="-7.38214"/>
      <trkpt lat="31.29164" lon="-7.38053"/>
      <trkpt lat="31.29347" lon="-7.37782"/>
      <trkpt lat="31.29618" lon="-7.37559"/>
      <trkpt lat="31.29753" lon="-7.37259"/>
      <trkpt lat="31.29947" lon="-7.37136"/>
      <trkpt lat="31.30133" lon="-7.37112"/>
      <trkpt lat="31.30271" lon="-7.37205"/>
      <trkpt lat="31.30416" lon="-7.37234"/>
      <trkpt lat="31.30721" lon="-7.37367"/>
      <trkpt lat="31.30843" lon="-7.37293"/>
      <trkpt lat="31.30992" lon="-7.37297"/>
      <trkpt lat="31.31211" lon="-7.37028"/>
      <trkpt lat="31.31284" lon="-7.37091"/>
      <trkpt lat="31.31339" lon="-7.37215"/>
      <trkpt lat="31.31349" lon="-7.37388"/>
      <trkpt lat="31.31558" lon="-7.37532"/>
      <trkpt lat="31.31499" lon="-7.37706"/>
      <trkpt lat="31.31581" lon="-7.37768"/>
      <trkpt lat="31.31623" lon="-7.37902"/>
      <trkpt lat="31.31656" lon="-7.37921"/>
      <trkpt lat="31.31895" lon="-7.37915"/>
      <trkpt lat="31.31973" lon="-7.37859"/>
      <trkpt lat="31.31951" lon="-7.37836"/>
      <trkpt lat="31.31838" lon="-7.37845"/>
      <trkpt lat="31.31953" lon="-7.37756"/>
      <trkpt lat="31.31944" lon="-7.37682"/>
      <trkpt lat="31.31875" lon="-7.37573"/>
      <trkpt lat="31.32027" lon="-7.37765"/>
      <trkpt lat="31.32158" lon="-7.37786"/>
      <trkpt lat="31.32282" lon="-7.37753"/>
      <trkpt lat="31.32312" lon="-7.37697"/>
      <trkpt lat="31.32074" lon="-7.37658"/>
      <trkpt lat="31.32063" lon="-7.37626"/>
      <trkpt lat="31.32394" lon="-7.37624"/>
      <trkpt lat="31.32366" lon="-7.37762"/>
      <trkpt lat="31.32131" lon="-7.37928"/>
      <trkpt lat="31.32153" lon="-7.38045"/>
      <trkpt lat="31.32277" lon="-7.38103"/>
      <trkpt lat="31.32458" lon="-7.38086"/>
      <trkpt lat="31.32799" lon="-7.38176"/>
      <trkpt lat="31.32938" lon="-7.38108"/>
      <trkpt lat="31.33089" lon="-7.38265"/>
      <trkpt lat="31.33138" lon="-7.38393"/>
      <trkpt lat="31.33162" lon="-7.38374"/>
      <trkpt lat="31.33090" lon="-7.38130"/>
      <trkpt lat="31.33026" lon="-7.38053"/>
      <trkpt lat="31.32862" lon="-7.38014"/>
      <trkpt lat="31.32812" lon="-7.38065"/>
      <trkpt lat="31.32614" lon="-7.37955"/>
      <trkpt lat="31.32614" lon="-7.37926"/>
      <trkpt lat="31.32741" lon="-7.37916"/>
      <trkpt lat="31.32859" lon="-7.37831"/>
      <trkpt lat="31.32803" lon="-7.37738"/>
      <trkpt lat="31.32838" lon="-7.37695"/>
      <trkpt lat="31.32951" lon="-7.37759"/>
      <trkpt lat="31.32983" lon="-7.37888"/>
      <trkpt lat="31.33261" lon="-7.37918"/>
      <trkpt lat="31.33357" lon="-7.38156"/>
      <trkpt lat="31.33515" lon="-7.38183"/>
      <trkpt lat="31.33584" lon="-7.38347"/>
      <trkpt lat="31.33680" lon="-7.38421"/>
      <trkpt lat="31.33760" lon="-7.38643"/>
      <trkpt lat="31.33677" lon="-7.38788"/>
      <trkpt lat="31.33786" lon="-7.38956"/>
      <trkpt lat="31.33892" lon="-7.39066"/>
      <trkpt lat="31.33997" lon="-7.39103"/>
      <trkpt lat="31.34130" lon="-7.39207"/>
      <trkpt lat="31.34240" lon="-7.39329"/>
      <trkpt lat="31.34344" lon="-7.39337"/>
      <trkpt lat="31.34465" lon="-7.39163"/>
      <trkpt lat="31.34629" lon="-7.39066"/>
      <trkpt lat="31.34877" lon="-7.39149"/>
      <trkpt lat="31.35123" lon="-7.39129"/>
      <trkpt lat="31.35222" lon="-7.39195"/>
      <trkpt lat="31.35369" lon="-7.39216"/>
      <trkpt lat="31.35473" lon="-7.39186"/>
      <trkpt lat="31.35559" lon="-7.39119"/>
      <trkpt lat="31.35731" lon="-7.39168"/>
      <trkpt lat="31.35844" lon="-7.39148"/>
      <trkpt lat="31.36071" lon="-7.38996"/>
      <trkpt lat="31.36124" lon="-7.39007"/>
      <trkpt lat="31.36257" lon="-7.39180"/>
      <trkpt lat="31.36415" lon="-7.39162"/>
      <trkpt lat="31.36549" lon="-7.39230"/>
      <trkpt lat="31.36660" lon="-7.39239"/>
      <trkpt lat="31.36744" lon="-7.39193"/>
      <trkpt lat="31.36787" lon="-7.38893"/>
      <trkpt lat="31.36876" lon="-7.38809"/>
      <trkpt lat="31.36955" lon="-7.38817"/>
      <trkpt lat="31.37067" lon="-7.39166"/>
      <trkpt lat="31.36938" lon="-7.39303"/>
      <trkpt lat="31.36931" lon="-7.39357"/>
      <trkpt lat="31.37105" lon="-7.39540"/>
      <trkpt lat="31.37109" lon="-7.39599"/>
      <trkpt lat="31.37017" lon="-7.39757"/>
      <trkpt lat="31.37154" lon="-7.39902"/>
      <trkpt lat="31.37254" lon="-7.40224"/>
      <trkpt lat="31.37098" lon="-7.40484"/>
      <trkpt lat="31.37142" lon="-7.40685"/>
      <trkpt lat="31.37110" lon="-7.40807"/>
      <trkpt lat="31.37143" lon="-7.40917"/>
      <trkpt lat="31.37242" lon="-7.40986"/>
      <trkpt lat="31.37295" lon="-7.41196"/>
      <trkpt lat="31.37435" lon="-7.41237"/>
      <trkpt lat="31.37488" lon="-7.41233"/>
      <trkpt lat="31.37770" lon="-7.40867"/>
      <trkpt lat="31.37975" lon="-7.40796"/>
      <trkpt lat="31.38213" lon="-7.40878"/>
      <trkpt lat="31.38344" lon="-7.40963"/>
      <trkpt lat="31.38496" lon="-7.40899"/>
      <trkpt lat="31.38660" lon="-7.40939"/>
      <trkpt lat="31.38745" lon="-7.40880"/>
      <trkpt lat="31.38897" lon="-7.40948"/>
      <trkpt lat="31.39045" lon="-7.40773"/>
      <trkpt lat="31.39144" lon="-7.40461"/>
      <trkpt lat="31.39201" lon="-7.40476"/>
      <trkpt lat="31.39286" lon="-7.40432"/>
      <trkpt lat="31.39278" lon="-7.40174"/>
      <trkpt lat="31.39531" lon="-7.40001"/>
      <trkpt lat="31.39647" lon="-7.39822"/>
      <trkpt lat="31.39847" lon="-7.39776"/>
      <trkpt lat="31.40097" lon="-7.39525"/>
      <trkpt lat="31.40302" lon="-7.39622"/>
      <trkpt lat="31.40438" lon="-7.39544"/>
      <trkpt lat="31.40603" lon="-7.39640"/>
      <trkpt lat="31.40651" lon="-7.39623"/>
      <trkpt lat="31.40680" lon="-7.39572"/>
      <trkpt lat="31.40651" lon="-7.39402"/>
      <trkpt lat="31.40754" lon="-7.39253"/>
      <trkpt lat="31.40898" lon="-7.39167"/>
      <trkpt lat="31.41025" lon="-7.39216"/>
      <trkpt lat="31.41259" lon="-7.39107"/>
      <trkpt lat="31.41367" lon="-7.39153"/>
      <trkpt lat="31.41529" lon="-7.39154"/>
      <trkpt lat="31.41577" lon="-7.39226"/>
      <trkpt lat="31.41455" lon="-7.39513"/>
      <trkpt lat="31.41337" lon="-7.39658"/>
      <trkpt lat="31.41405" lon="-7.39895"/>
      <trkpt lat="31.41456" lon="-7.39955"/>
      <trkpt lat="31.41468" lon="-7.40099"/>
      <trkpt lat="31.41627" lon="-7.40322"/>
      <trkpt lat="31.41755" lon="-7.40379"/>
      <trkpt lat="31.41803" lon="-7.40599"/>
      <trkpt lat="31.41955" lon="-7.40648"/>
      <trkpt lat="31.42071" lon="-7.40621"/>
      <trkpt lat="31.42160" lon="-7.40773"/>
      <trkpt lat="31.42292" lon="-7.40803"/>
      <trkpt lat="31.42507" lon="-7.40918"/>
      <trkpt lat="31.42565" lon="-7.41110"/>
      <trkpt lat="31.42685" lon="-7.41077"/>
      <trkpt lat="31.42818" lon="-7.40882"/>
      <trkpt lat="31.42855" lon="-7.40873"/>
      <trkpt lat="31.43144" lon="-7.41109"/>
      <trkpt lat="31.43243" lon="-7.41109"/>
      <trkpt lat="31.43265" lon="-7.40986"/>
      <trkpt lat="31.43391" lon="-7.40854"/>
      <trkpt lat="31.43583" lon="-7.40794"/>
      <trkpt lat="31.43629" lon="-7.40578"/>
      <trkpt lat="31.43773" lon="-7.40587"/>
      <trkpt lat="31.43804" lon="-7.40654"/>
      <trkpt lat="31.43835" lon="-7.40658"/>
      <trkpt lat="31.43862" lon="-7.40544"/>
      <trkpt lat="31.43986" lon="-7.40480"/>
      <trkpt lat="31.44024" lon="-7.40346"/>
      <trkpt lat="31.44123" lon="-7.40284"/>
      <trkpt lat="31.44141" lon="-7.40210"/>
      <trkpt lat="31.44234" lon="-7.40162"/>
      <trkpt lat="31.44364" lon="-7.39999"/>
      <trkpt lat="31.44401" lon="-7.39899"/>
      <trkpt lat="31.44599" lon="-7.39771"/>
      <trkpt lat="31.44665" lon="-7.39608"/>
      <trkpt lat="31.44921" lon="-7.39421"/>
      <trkpt lat="31.45137" lon="-7.39503"/>
      <trkpt lat="31.45170" lon="-7.39713"/>
      <trkpt lat="31.45230" lon="-7.39741"/>
      <trkpt lat="31.45424" lon="-7.39738"/>
      <trkpt lat="31.45507" lon="-7.40146"/>
      <trkpt lat="31.45696" lon="-7.40255"/>
      <trkpt lat="31.45721" lon="-7.40533"/>
      <trkpt lat="31.45787" lon="-7.40634"/>
      <trkpt lat="31.45854" lon="-7.40649"/>
      <trkpt lat="31.45969" lon="-7.40598"/>
      <trkpt lat="31.46105" lon="-7.40723"/>
      <trkpt lat="31.46260" lon="-7.40617"/>
      <trkpt lat="31.46956" lon="-7.39872"/>
      <trkpt lat="31.47043" lon="-7.39841"/>
      <trkpt lat="31.47158" lon="-7.40180"/>
      <trkpt lat="31.47157" lon="-7.40597"/>
      <trkpt lat="31.47202" lon="-7.40725"/>
      <trkpt lat="31.47222" lon="-7.40972"/>
      <trkpt lat="31.47389" lon="-7.41684"/>
      <trkpt lat="31.47488" lon="-7.41877"/>
      <trkpt lat="31.47503" lon="-7.41980"/>
      <trkpt lat="31.47494" lon="-7.42188"/>
      <trkpt lat="31.47546" lon="-7.42459"/>
      <trkpt lat="31.47535" lon="-7.42793"/>
      <trkpt lat="31.47514" lon="-7.42895"/>
      <trkpt lat="31.47368" lon="-7.43151"/>
      <trkpt lat="31.47354" lon="-7.43216"/>
      <trkpt lat="31.47389" lon="-7.43353"/>
      <trkpt lat="31.47512" lon="-7.43412"/>
      <trkpt lat="31.47793" lon="-7.43383"/>
      <trkpt lat="31.47928" lon="-7.43470"/>
      <trkpt lat="31.48038" lon="-7.43342"/>
      <trkpt lat="31.48199" lon="-7.43261"/>
      <trkpt lat="31.48277" lon="-7.43161"/>
      <trkpt lat="31.48582" lon="-7.43188"/>
      <trkpt lat="31.48667" lon="-7.43273"/>
      <trkpt lat="31.48956" lon="-7.43788"/>
      <trkpt lat="31.48957" lon="-7.43927"/>
      <trkpt lat="31.48816" lon="-7.44156"/>
      <trkpt lat="31.48808" lon="-7.44423"/>
      <trkpt lat="31.48583" lon="-7.44876"/>
      <trkpt lat="31.48406" lon="-7.45012"/>
      <trkpt lat="31.48388" lon="-7.45082"/>
      <trkpt lat="31.48418" lon="-7.45139"/>
      <trkpt lat="31.48470" lon="-7.45148"/>
      <trkpt lat="31.48586" lon="-7.45095"/>
      <trkpt lat="31.48942" lon="-7.45103"/>
      <trkpt lat="31.49090" lon="-7.45134"/>
      <trkpt lat="31.49344" lon="-7.45288"/>
      <trkpt lat="31.49521" lon="-7.45573"/>
      <trkpt lat="31.49625" lon="-7.45934"/>
      <trkpt lat="31.49615" lon="-7.46124"/>
      <trkpt lat="31.49683" lon="-7.46251"/>
      <trkpt lat="31.49817" lon="-7.46355"/>
      <trkpt lat="31.50052" lon="-7.46420"/>
      <trkpt lat="31.50152" lon="-7.46440"/>
      <trkpt lat="31.50368" lon="-7.46385"/>
      <trkpt lat="31.50424" lon="-7.46401"/>
      <trkpt lat="31.50592" lon="-7.46563"/>
      <trkpt lat="31.50955" lon="-7.46709"/>
      <trkpt lat="31.51101" lon="-7.46866"/>
      <trkpt lat="31.51249" lon="-7.46889"/>
      <trkpt lat="31.51286" lon="-7.46980"/>
      <trkpt lat="31.51265" lon="-7.47018"/>
      <trkpt lat="31.51115" lon="-7.47089"/>
      <trkpt lat="31.51103" lon="-7.47138"/>
      <trkpt lat="31.51136" lon="-7.47204"/>
      <trkpt lat="31.51442" lon="-7.47291"/>
      <trkpt lat="31.51620" lon="-7.47224"/>
      <trkpt lat="31.51801" lon="-7.47291"/>
      <trkpt lat="31.52115" lon="-7.47274"/>
      <trkpt lat="31.52314" lon="-7.47324"/>
      <trkpt lat="31.52389" lon="-7.47380"/>
      <trkpt lat="31.52595" lon="-7.47760"/>
      <trkpt lat="31.52837" lon="-7.48065"/>
      <trkpt lat="31.52914" lon="-7.48341"/>
      <trkpt lat="31.53030" lon="-7.48509"/>
      <trkpt lat="31.53144" lon="-7.48635"/>
      <trkpt lat="31.53374" lon="-7.48757"/>
      <trkpt lat="31.53388" lon="-7.49180"/>
      <trkpt lat="31.53522" lon="-7.49304"/>
      <trkpt lat="31.53590" lon="-7.49611"/>
      <trkpt lat="31.53682" lon="-7.49741"/>
      <trkpt lat="31.53614" lon="-7.49998"/>
      <trkpt lat="31.53676" lon="-7.50189"/>
      <trkpt lat="31.53611" lon="-7.50479"/>
      <trkpt lat="31.53640" lon="-7.50973"/>
      <trkpt lat="31.53834" lon="-7.51258"/>
      <trkpt lat="31.54098" lon="-7.51971"/>
      <trkpt lat="31.54237" lon="-7.52724"/>
      <trkpt lat="31.54338" lon="-7.53478"/>
      <trkpt lat="31.54341" lon="-7.54036"/>
      <trkpt lat="31.54396" lon="-7.54439"/>
      <trkpt lat="31.54399" lon="-7.55310"/>
      <trkpt lat="31.54445" lon="-7.55583"/>
      <trkpt lat="31.54766" lon="-7.56316"/>
      <trkpt lat="31.54758" lon="-7.56462"/>
      <trkpt lat="31.54575" lon="-7.56676"/>
      <trkpt lat="31.54543" lon="-7.56942"/>
      <trkpt lat="31.54556" lon="-7.57169"/>
      <trkpt lat="31.54956" lon="-7.57739"/>
      <trkpt lat="31.55115" lon="-7.58460"/>
      <trkpt lat="31.55215" lon="-7.58720"/>
      <trkpt lat="31.55075" lon="-7.59421"/>
      <trkpt lat="31.54908" lon="-7.59582"/>
      <trkpt lat="31.54875" lon="-7.59668"/>
      <trkpt lat="31.54841" lon="-7.60215"/>
      <trkpt lat="31.54887" lon="-7.60656"/>
      <trkpt lat="31.54832" lon="-7.61012"/>
      <trkpt lat="31.54609" lon="-7.61740"/>
      <trkpt lat="31.54555" lon="-7.61820"/>
      <trkpt lat="31.54409" lon="-7.61919"/>
      <trkpt lat="31.54302" lon="-7.62149"/>
      <trkpt lat="31.54383" lon="-7.62638"/>
      <trkpt lat="31.54314" lon="-7.62839"/>
      <trkpt lat="31.54330" lon="-7.62922"/>
      <trkpt lat="31.54438" lon="-7.63051"/>
      <trkpt lat="31.54566" lon="-7.63456"/>
      <trkpt lat="31.54882" lon="-7.63799"/>
      <trkpt lat="31.54746" lon="-7.64255"/>
      <trkpt lat="31.54706" lon="-7.64617"/>
      <trkpt lat="31.54672" lon="-7.64666"/>
      <trkpt lat="31.54394" lon="-7.64756"/>
      <trkpt lat="31.54300" lon="-7.64826"/>
      <trkpt lat="31.54267" lon="-7.64912"/>
      <trkpt lat="31.54308" lon="-7.65267"/>
      <trkpt lat="31.54179" lon="-7.65263"/>
      <trkpt lat="31.54151" lon="-7.65249"/>
      <trkpt lat="31.54049" lon="-7.64826"/>
      <trkpt lat="31.53972" lon="-7.64667"/>
      <trkpt lat="31.53910" lon="-7.64593"/>
      <trkpt lat="31.53735" lon="-7.64513"/>
      <trkpt lat="31.53666" lon="-7.64393"/>
      <trkpt lat="31.53586" lon="-7.64185"/>
      <trkpt lat="31.53623" lon="-7.63991"/>
      <trkpt lat="31.53559" lon="-7.63744"/>
      <trkpt lat="31.53571" lon="-7.63643"/>
      <trkpt lat="31.53413" lon="-7.63505"/>
      <trkpt lat="31.53370" lon="-7.63476"/>
      <trkpt lat="31.53173" lon="-7.63525"/>
      <trkpt lat="31.52422" lon="-7.63505"/>
      <trkpt lat="31.52259" lon="-7.63563"/>
      <trkpt lat="31.52182" lon="-7.63489"/>
      <trkpt lat="31.51744" lon="-7.63251"/>
      <trkpt lat="31.51487" lon="-7.63361"/>
      <trkpt lat="31.51472" lon="-7.63427"/>
      <trkpt lat="31.51437" lon="-7.63396"/>
      <trkpt lat="31.51452" lon="-7.63294"/>
      <trkpt lat="31.51213" lon="-7.63536"/>
      <trkpt lat="31.50782" lon="-7.63892"/>
      <trkpt lat="31.50445" lon="-7.64110"/>
      <trkpt lat="31.50070" lon="-7.64332"/>
      <trkpt lat="31.49473" lon="-7.64560"/>
      <trkpt lat="31.49317" lon="-7.64584"/>
      <trkpt lat="31.49155" lon="-7.64542"/>
      <trkpt lat="31.49084" lon="-7.64571"/>
      <trkpt lat="31.48846" lon="-7.64553"/>
      <trkpt lat="31.48438" lon="-7.64274"/>
      <trkpt lat="31.48242" lon="-7.64239"/>
      <trkpt lat="31.48198" lon="-7.64306"/>
      <trkpt lat="31.47982" lon="-7.64420"/>
      <trkpt lat="31.47951" lon="-7.64471"/>
      <trkpt lat="31.48206" lon="-7.64849"/>
      <trkpt lat="31.48277" lon="-7.65144"/>
      <trkpt lat="31.48265" lon="-7.65345"/>
      <trkpt lat="31.48223" lon="-7.65339"/>
      <trkpt lat="31.48194" lon="-7.65407"/>
      <trkpt lat="31.48055" lon="-7.65354"/>
      <trkpt lat="31.47985" lon="-7.65412"/>
      <trkpt lat="31.47944" lon="-7.65358"/>
      <trkpt lat="31.47656" lon="-7.65635"/>
      <trkpt lat="31.47209" lon="-7.65789"/>
      <trkpt lat="31.46876" lon="-7.66160"/>
      <trkpt lat="31.46323" lon="-7.66541"/>
      <trkpt lat="31.45798" lon="-7.67213"/>
      <trkpt lat="31.46323" lon="-7.66541"/>
      <trkpt lat="31.46876" lon="-7.66160"/>
      <trkpt lat="31.47164" lon="-7.65822"/>
      <trkpt lat="31.47685" lon="-7.65616"/>
      <trkpt lat="31.47694" lon="-7.65567"/>
      <trkpt lat="31.47750" lon="-7.65559"/>
      <trkpt lat="31.47907" lon="-7.65374"/>
      <trkpt lat="31.47966" lon="-7.65362"/>
      <trkpt lat="31.48001" lon="-7.65405"/>
      <trkpt lat="31.48086" lon="-7.65364"/>
      <trkpt lat="31.48162" lon="-7.65405"/>
      <trkpt lat="31.48281" lon="-7.65307"/>
      <trkpt lat="31.48270" lon="-7.65107"/>
      <trkpt lat="31.48191" lon="-7.64813"/>
      <trkpt lat="31.47949" lon="-7.64460"/>
      <trkpt lat="31.48186" lon="-7.64316"/>
      <trkpt lat="31.48254" lon="-7.64222"/>
      <trkpt lat="31.48448" lon="-7.64279"/>
      <trkpt lat="31.48816" lon="-7.64542"/>
      <trkpt lat="31.48913" lon="-7.64570"/>
      <trkpt lat="31.49161" lon="-7.64543"/>
      <trkpt lat="31.49329" lon="-7.64583"/>
      <trkpt lat="31.49484" lon="-7.64557"/>
      <trkpt lat="31.50089" lon="-7.64323"/>
      <trkpt lat="31.50796" lon="-7.63881"/>
      <trkpt lat="31.51444" lon="-7.63300"/>
      <trkpt lat="31.51439" lon="-7.63405"/>
      <trkpt lat="31.51475" lon="-7.63426"/>
      <trkpt lat="31.51491" lon="-7.63356"/>
      <trkpt lat="31.51718" lon="-7.63249"/>
      <trkpt lat="31.52058" lon="-7.63413"/>
      <trkpt lat="31.52242" lon="-7.63558"/>
      <trkpt lat="31.52429" lon="-7.63504"/>
      <trkpt lat="31.53196" lon="-7.63520"/>
      <trkpt lat="31.53315" lon="-7.63474"/>
      <trkpt lat="31.53383" lon="-7.63480"/>
      <trkpt lat="31.53563" lon="-7.63617"/>
      <trkpt lat="31.53565" lon="-7.63783"/>
      <trkpt lat="31.53620" lon="-7.64015"/>
      <trkpt lat="31.53587" lon="-7.64198"/>
      <trkpt lat="31.53684" lon="-7.64445"/>
      <trkpt lat="31.53759" lon="-7.64536"/>
      <trkpt lat="31.53938" lon="-7.64613"/>
      <trkpt lat="31.54023" lon="-7.64760"/>
      <trkpt lat="31.54157" lon="-7.65255"/>
      <trkpt lat="31.54269" lon="-7.65266"/>
      <trkpt lat="31.54414" lon="-7.65504"/>
      <trkpt lat="31.54905" lon="-7.66012"/>
      <trkpt lat="31.55187" lon="-7.66440"/>
      <trkpt lat="31.55297" lon="-7.66907"/>
      <trkpt lat="31.55505" lon="-7.68346"/>
      <trkpt lat="31.55703" lon="-7.68718"/>
      <trkpt lat="31.55964" lon="-7.69111"/>
      <trkpt lat="31.56020" lon="-7.69264"/>
      <trkpt lat="31.56661" lon="-7.72785"/>
      <trkpt lat="31.57000" lon="-7.74955"/>
      <trkpt lat="31.57812" lon="-7.78766"/>
      <trkpt lat="31.57904" lon="-7.78992"/>
      <trkpt lat="31.58206" lon="-7.79436"/>
      <trkpt lat="31.58164" lon="-7.79625"/>
      <trkpt lat="31.57943" lon="-7.79908"/>
      <trkpt lat="31.57868" lon="-7.80073"/>
      <trkpt lat="31.57863" lon="-7.80599"/>
      <trkpt lat="31.57637" lon="-7.81414"/>
      <trkpt lat="31.57756" lon="-7.82086"/>
      <trkpt lat="31.57713" lon="-7.83204"/>
      <trkpt lat="31.57499" lon="-7.84503"/>
      <trkpt lat="31.57697" lon="-7.85118"/>
      <trkpt lat="31.57822" lon="-7.86329"/>
      <trkpt lat="31.58290" lon="-7.87408"/>
      <trkpt lat="31.58441" lon="-7.88128"/>
      <trkpt lat="31.58735" lon="-7.88840"/>
      <trkpt lat="31.58693" lon="-7.88992"/>
      <trkpt lat="31.58862" lon="-7.89436"/>
      <trkpt lat="31.59174" lon="-7.89890"/>
      <trkpt lat="31.59270" lon="-7.90158"/>
      <trkpt lat="31.59471" lon="-7.90533"/>
      <trkpt lat="31.59782" lon="-7.91404"/>
      <trkpt lat="31.59874" lon="-7.91916"/>
      <trkpt lat="31.60071" lon="-7.92325"/>
      <trkpt lat="31.60498" lon="-7.92922"/>
      <trkpt lat="31.60830" lon="-7.93658"/>
      <trkpt lat="31.61036" lon="-7.93955"/>
      <trkpt lat="31.61264" lon="-7.94588"/>
      <trkpt lat="31.61580" lon="-7.95125"/>
      <trkpt lat="31.61717" lon="-7.95551"/>
      <trkpt lat="31.61850" lon="-7.95785"/>
      <trkpt lat="31.61934" lon="-7.96020"/>
      <trkpt lat="31.62093" lon="-7.96645"/>
      <trkpt lat="31.62233" lon="-7.96875"/>
      <trkpt lat="31.62266" lon="-7.97093"/>
      <trkpt lat="31.62145" lon="-7.97106"/>
      <trkpt lat="31.61953" lon="-7.97183"/>
      <trkpt lat="31.61706" lon="-7.97343"/>
      <trkpt lat="31.61500" lon="-7.97540"/>
      <trkpt lat="31.61439" lon="-7.97746"/>
      <trkpt lat="31.61411" lon="-7.97992"/>
      <trkpt lat="31.61315" lon="-7.98147"/>
      <trkpt lat="31.61247" lon="-7.98433"/>
      <trkpt lat="31.61166" lon="-7.98522"/>
      <trkpt lat="31.61081" lon="-7.98938"/>
      <trkpt lat="31.61349" lon="-7.99289"/>
      <trkpt lat="31.61713" lon="-7.99071"/>
      <trkpt lat="31.61996" lon="-7.99097"/>
      <trkpt lat="31.62195" lon="-7.99167"/>
      <trkpt lat="31.62235" lon="-7.99116"/>
      <trkpt lat="31.62250" lon="-7.99000"/>
      <trkpt lat="31.62343" lon="-7.99046"/>
      <trkpt lat="31.62594" lon="-7.98953"/>
    </trkseg>
  </trk>
  <trk><name>Day 8 · Marrakech → Ouzoud → Beni Mellal (205)</name><desc>Day 8 - follows the actual roads</desc>
    <trkseg>
      <trkpt lat="31.62594" lon="-7.98953"/>
      <trkpt lat="31.62512" lon="-7.99024"/>
      <trkpt lat="31.62461" lon="-7.99195"/>
      <trkpt lat="31.62576" lon="-7.99298"/>
      <trkpt lat="31.62920" lon="-7.99426"/>
      <trkpt lat="31.63128" lon="-7.99632"/>
      <trkpt lat="31.63213" lon="-7.99650"/>
      <trkpt lat="31.63297" lon="-7.99742"/>
      <trkpt lat="31.63386" lon="-7.99980"/>
      <trkpt lat="31.63455" lon="-7.99954"/>
      <trkpt lat="31.63603" lon="-8.00020"/>
      <trkpt lat="31.64351" lon="-7.99430"/>
      <trkpt lat="31.64424" lon="-7.99249"/>
      <trkpt lat="31.64444" lon="-7.98739"/>
      <trkpt lat="31.64838" lon="-7.96243"/>
      <trkpt lat="31.64714" lon="-7.89746"/>
      <trkpt lat="31.64468" lon="-7.88056"/>
      <trkpt lat="31.64250" lon="-7.85961"/>
      <trkpt lat="31.64306" lon="-7.85649"/>
      <trkpt lat="31.64783" lon="-7.84429"/>
      <trkpt lat="31.64792" lon="-7.83746"/>
      <trkpt lat="31.64933" lon="-7.83312"/>
      <trkpt lat="31.64818" lon="-7.83252"/>
      <trkpt lat="31.64464" lon="-7.83192"/>
      <trkpt lat="31.64086" lon="-7.82707"/>
      <trkpt lat="31.64076" lon="-7.82658"/>
      <trkpt lat="31.63971" lon="-7.79120"/>
      <trkpt lat="31.63353" lon="-7.65540"/>
      <trkpt lat="31.63371" lon="-7.63666"/>
      <trkpt lat="31.64318" lon="-7.55364"/>
      <trkpt lat="31.64477" lon="-7.53651"/>
      <trkpt lat="31.64233" lon="-7.49967"/>
      <trkpt lat="31.64582" lon="-7.48737"/>
      <trkpt lat="31.64595" lon="-7.48407"/>
      <trkpt lat="31.64663" lon="-7.48307"/>
      <trkpt lat="31.64788" lon="-7.48214"/>
      <trkpt lat="31.64923" lon="-7.47966"/>
      <trkpt lat="31.64910" lon="-7.47917"/>
      <trkpt lat="31.64795" lon="-7.47841"/>
      <trkpt lat="31.64573" lon="-7.47589"/>
      <trkpt lat="31.64646" lon="-7.47142"/>
      <trkpt lat="31.64564" lon="-7.46986"/>
      <trkpt lat="31.64390" lon="-7.46402"/>
      <trkpt lat="31.64387" lon="-7.46149"/>
      <trkpt lat="31.64431" lon="-7.45909"/>
      <trkpt lat="31.64864" lon="-7.44604"/>
      <trkpt lat="31.65163" lon="-7.43933"/>
      <trkpt lat="31.65687" lon="-7.42266"/>
      <trkpt lat="31.65825" lon="-7.42035"/>
      <trkpt lat="31.66056" lon="-7.41794"/>
      <trkpt lat="31.66303" lon="-7.41236"/>
      <trkpt lat="31.66365" lon="-7.40851"/>
      <trkpt lat="31.66561" lon="-7.40440"/>
      <trkpt lat="31.66669" lon="-7.40250"/>
      <trkpt lat="31.67439" lon="-7.39187"/>
      <trkpt lat="31.67920" lon="-7.38082"/>
      <trkpt lat="31.68446" lon="-7.37126"/>
      <trkpt lat="31.68628" lon="-7.36606"/>
      <trkpt lat="31.69765" lon="-7.34694"/>
      <trkpt lat="31.71064" lon="-7.31999"/>
      <trkpt lat="31.72958" lon="-7.28828"/>
      <trkpt lat="31.73017" lon="-7.28713"/>
      <trkpt lat="31.73099" lon="-7.28379"/>
      <trkpt lat="31.73283" lon="-7.28289"/>
      <trkpt lat="31.73459" lon="-7.28061"/>
      <trkpt lat="31.73453" lon="-7.27832"/>
      <trkpt lat="31.73530" lon="-7.27209"/>
      <trkpt lat="31.73421" lon="-7.26233"/>
      <trkpt lat="31.73596" lon="-7.24750"/>
      <trkpt lat="31.73526" lon="-7.22991"/>
      <trkpt lat="31.73931" lon="-7.20714"/>
      <trkpt lat="31.73971" lon="-7.20102"/>
      <trkpt lat="31.73939" lon="-7.19790"/>
      <trkpt lat="31.73971" lon="-7.19470"/>
      <trkpt lat="31.73958" lon="-7.19088"/>
      <trkpt lat="31.74702" lon="-7.15757"/>
      <trkpt lat="31.74989" lon="-7.15046"/>
      <trkpt lat="31.76009" lon="-7.11014"/>
      <trkpt lat="31.76088" lon="-7.10024"/>
      <trkpt lat="31.76199" lon="-7.09471"/>
      <trkpt lat="31.76244" lon="-7.07936"/>
      <trkpt lat="31.76231" lon="-7.07293"/>
      <trkpt lat="31.76206" lon="-7.07207"/>
      <trkpt lat="31.76000" lon="-7.06931"/>
      <trkpt lat="31.75469" lon="-7.06486"/>
      <trkpt lat="31.74811" lon="-7.06040"/>
      <trkpt lat="31.74349" lon="-7.05472"/>
      <trkpt lat="31.74150" lon="-7.04829"/>
      <trkpt lat="31.74071" lon="-7.04827"/>
      <trkpt lat="31.73798" lon="-7.04912"/>
      <trkpt lat="31.73737" lon="-7.04841"/>
      <trkpt lat="31.73596" lon="-7.03920"/>
      <trkpt lat="31.73659" lon="-7.03500"/>
      <trkpt lat="31.73672" lon="-7.03079"/>
      <trkpt lat="31.73469" lon="-7.02504"/>
      <trkpt lat="31.73397" lon="-7.02415"/>
      <trkpt lat="31.73273" lon="-7.02565"/>
      <trkpt lat="31.73305" lon="-7.02683"/>
      <trkpt lat="31.73180" lon="-7.02717"/>
      <trkpt lat="31.73089" lon="-7.02812"/>
      <trkpt lat="31.73070" lon="-7.02884"/>
      <trkpt lat="31.73089" lon="-7.02812"/>
      <trkpt lat="31.73180" lon="-7.02717"/>
      <trkpt lat="31.73305" lon="-7.02683"/>
      <trkpt lat="31.73273" lon="-7.02565"/>
      <trkpt lat="31.73397" lon="-7.02415"/>
      <trkpt lat="31.73307" lon="-7.02278"/>
      <trkpt lat="31.73381" lon="-7.01708"/>
      <trkpt lat="31.73371" lon="-7.01027"/>
      <trkpt lat="31.73273" lon="-7.00719"/>
      <trkpt lat="31.73257" lon="-7.00519"/>
      <trkpt lat="31.73365" lon="-7.00395"/>
      <trkpt lat="31.73469" lon="-7.00639"/>
      <trkpt lat="31.73578" lon="-7.00718"/>
      <trkpt lat="31.73650" lon="-7.00820"/>
      <trkpt lat="31.73702" lon="-7.00825"/>
      <trkpt lat="31.73846" lon="-7.00732"/>
      <trkpt lat="31.74002" lon="-7.00799"/>
      <trkpt lat="31.74094" lon="-7.00770"/>
      <trkpt lat="31.74267" lon="-7.00945"/>
      <trkpt lat="31.74308" lon="-7.00909"/>
      <trkpt lat="31.74292" lon="-7.00756"/>
      <trkpt lat="31.74344" lon="-7.00674"/>
      <trkpt lat="31.74505" lon="-7.00632"/>
      <trkpt lat="31.74652" lon="-7.00641"/>
      <trkpt lat="31.74813" lon="-7.00559"/>
      <trkpt lat="31.75037" lon="-7.00542"/>
      <trkpt lat="31.75588" lon="-7.00942"/>
      <trkpt lat="31.75664" lon="-7.01064"/>
      <trkpt lat="31.75705" lon="-7.01063"/>
      <trkpt lat="31.75744" lon="-7.00903"/>
      <trkpt lat="31.75918" lon="-7.00770"/>
      <trkpt lat="31.76228" lon="-7.00936"/>
      <trkpt lat="31.76253" lon="-7.00977"/>
      <trkpt lat="31.76244" lon="-7.01055"/>
      <trkpt lat="31.76137" lon="-7.01108"/>
      <trkpt lat="31.76121" lon="-7.01153"/>
      <trkpt lat="31.76418" lon="-7.01208"/>
      <trkpt lat="31.76628" lon="-7.01303"/>
      <trkpt lat="31.76824" lon="-7.01260"/>
      <trkpt lat="31.76943" lon="-7.01271"/>
      <trkpt lat="31.76963" lon="-7.01314"/>
      <trkpt lat="31.76928" lon="-7.01409"/>
      <trkpt lat="31.76990" lon="-7.01680"/>
      <trkpt lat="31.77129" lon="-7.01860"/>
      <trkpt lat="31.77395" lon="-7.01958"/>
      <trkpt lat="31.77630" lon="-7.01937"/>
      <trkpt lat="31.77784" lon="-7.01977"/>
      <trkpt lat="31.77891" lon="-7.02103"/>
      <trkpt lat="31.78014" lon="-7.02290"/>
      <trkpt lat="31.77963" lon="-7.02349"/>
      <trkpt lat="31.77967" lon="-7.02495"/>
      <trkpt lat="31.77902" lon="-7.02541"/>
      <trkpt lat="31.78036" lon="-7.02721"/>
      <trkpt lat="31.78040" lon="-7.02930"/>
      <trkpt lat="31.78886" lon="-7.03979"/>
      <trkpt lat="31.79359" lon="-7.03490"/>
      <trkpt lat="31.79486" lon="-7.03413"/>
      <trkpt lat="31.80324" lon="-7.03320"/>
      <trkpt lat="31.80787" lon="-7.03173"/>
      <trkpt lat="31.81748" lon="-7.03189"/>
      <trkpt lat="31.81918" lon="-7.03105"/>
      <trkpt lat="31.82038" lon="-7.03099"/>
      <trkpt lat="31.82094" lon="-7.02995"/>
      <trkpt lat="31.82177" lon="-7.02946"/>
      <trkpt lat="31.82247" lon="-7.02963"/>
      <trkpt lat="31.82273" lon="-7.03036"/>
      <trkpt lat="31.82578" lon="-7.03298"/>
      <trkpt lat="31.82648" lon="-7.03295"/>
      <trkpt lat="31.82672" lon="-7.03259"/>
      <trkpt lat="31.82658" lon="-7.03060"/>
      <trkpt lat="31.82685" lon="-7.03019"/>
      <trkpt lat="31.82780" lon="-7.02986"/>
      <trkpt lat="31.82897" lon="-7.02842"/>
      <trkpt lat="31.83305" lon="-7.02548"/>
      <trkpt lat="31.83322" lon="-7.02242"/>
      <trkpt lat="31.83410" lon="-7.02167"/>
      <trkpt lat="31.83492" lon="-7.02021"/>
      <trkpt lat="31.83496" lon="-7.01983"/>
      <trkpt lat="31.83433" lon="-7.01902"/>
      <trkpt lat="31.83452" lon="-7.01849"/>
      <trkpt lat="31.83407" lon="-7.01783"/>
      <trkpt lat="31.83415" lon="-7.01673"/>
      <trkpt lat="31.83633" lon="-7.01404"/>
      <trkpt lat="31.83625" lon="-7.01360"/>
      <trkpt lat="31.83472" lon="-7.01254"/>
      <trkpt lat="31.83371" lon="-7.01070"/>
      <trkpt lat="31.83252" lon="-7.00574"/>
      <trkpt lat="31.83237" lon="-7.00385"/>
      <trkpt lat="31.83275" lon="-7.00270"/>
      <trkpt lat="31.83253" lon="-7.00119"/>
      <trkpt lat="31.83298" lon="-7.00057"/>
      <trkpt lat="31.83329" lon="-6.99788"/>
      <trkpt lat="31.83463" lon="-6.99776"/>
      <trkpt lat="31.83491" lon="-6.99634"/>
      <trkpt lat="31.83459" lon="-6.99498"/>
      <trkpt lat="31.83610" lon="-6.99206"/>
      <trkpt lat="31.83582" lon="-6.99141"/>
      <trkpt lat="31.83476" lon="-6.99097"/>
      <trkpt lat="31.83468" lon="-6.99040"/>
      <trkpt lat="31.83686" lon="-6.98713"/>
      <trkpt lat="31.83783" lon="-6.98450"/>
      <trkpt lat="31.83876" lon="-6.98332"/>
      <trkpt lat="31.83979" lon="-6.98268"/>
      <trkpt lat="31.84045" lon="-6.98123"/>
      <trkpt lat="31.84181" lon="-6.98027"/>
      <trkpt lat="31.84889" lon="-6.97681"/>
      <trkpt lat="31.85072" lon="-6.97221"/>
      <trkpt lat="31.85082" lon="-6.96880"/>
      <trkpt lat="31.85156" lon="-6.96590"/>
      <trkpt lat="31.85262" lon="-6.96469"/>
      <trkpt lat="31.85435" lon="-6.96399"/>
      <trkpt lat="31.85912" lon="-6.96499"/>
      <trkpt lat="31.86082" lon="-6.96405"/>
      <trkpt lat="31.86299" lon="-6.96227"/>
      <trkpt lat="31.86261" lon="-6.95927"/>
      <trkpt lat="31.86394" lon="-6.95547"/>
      <trkpt lat="31.86395" lon="-6.95456"/>
      <trkpt lat="31.86372" lon="-6.95335"/>
      <trkpt lat="31.86084" lon="-6.94727"/>
      <trkpt lat="31.85994" lon="-6.94451"/>
      <trkpt lat="31.86297" lon="-6.94271"/>
      <trkpt lat="31.86303" lon="-6.94240"/>
      <trkpt lat="31.86222" lon="-6.94148"/>
      <trkpt lat="31.86262" lon="-6.94008"/>
      <trkpt lat="31.86533" lon="-6.93802"/>
      <trkpt lat="31.86854" lon="-6.93678"/>
      <trkpt lat="31.87063" lon="-6.93442"/>
      <trkpt lat="31.87646" lon="-6.93303"/>
      <trkpt lat="31.88028" lon="-6.93098"/>
      <trkpt lat="31.88709" lon="-6.92357"/>
      <trkpt lat="31.88756" lon="-6.92226"/>
      <trkpt lat="31.88773" lon="-6.92007"/>
      <trkpt lat="31.88563" lon="-6.91219"/>
      <trkpt lat="31.88425" lon="-6.91069"/>
      <trkpt lat="31.88343" lon="-6.91045"/>
      <trkpt lat="31.88265" lon="-6.90975"/>
      <trkpt lat="31.88175" lon="-6.90808"/>
      <trkpt lat="31.88157" lon="-6.90627"/>
      <trkpt lat="31.88230" lon="-6.89623"/>
      <trkpt lat="31.88187" lon="-6.89127"/>
      <trkpt lat="31.88217" lon="-6.88987"/>
      <trkpt lat="31.88182" lon="-6.88699"/>
      <trkpt lat="31.88233" lon="-6.88201"/>
      <trkpt lat="31.88364" lon="-6.87758"/>
      <trkpt lat="31.88456" lon="-6.87061"/>
      <trkpt lat="31.88778" lon="-6.85690"/>
      <trkpt lat="31.88751" lon="-6.85332"/>
      <trkpt lat="31.88865" lon="-6.84214"/>
      <trkpt lat="31.88820" lon="-6.83905"/>
      <trkpt lat="31.88845" lon="-6.82939"/>
      <trkpt lat="31.88800" lon="-6.82719"/>
      <trkpt lat="31.88916" lon="-6.82402"/>
      <trkpt lat="31.88938" lon="-6.81695"/>
      <trkpt lat="31.88774" lon="-6.81417"/>
      <trkpt lat="31.88718" lon="-6.81112"/>
      <trkpt lat="31.88795" lon="-6.80994"/>
      <trkpt lat="31.88929" lon="-6.80626"/>
      <trkpt lat="31.89088" lon="-6.80351"/>
      <trkpt lat="31.89287" lon="-6.80289"/>
      <trkpt lat="31.89519" lon="-6.80011"/>
      <trkpt lat="31.90153" lon="-6.78745"/>
      <trkpt lat="31.90569" lon="-6.77377"/>
      <trkpt lat="31.90701" lon="-6.77143"/>
      <trkpt lat="31.90792" lon="-6.76803"/>
      <trkpt lat="31.90798" lon="-6.76443"/>
      <trkpt lat="31.91196" lon="-6.75083"/>
      <trkpt lat="31.91243" lon="-6.74304"/>
      <trkpt lat="31.91196" lon="-6.73986"/>
      <trkpt lat="31.91313" lon="-6.73766"/>
      <trkpt lat="31.91365" lon="-6.73765"/>
      <trkpt lat="31.91786" lon="-6.74167"/>
      <trkpt lat="31.91959" lon="-6.74397"/>
      <trkpt lat="31.92135" lon="-6.74563"/>
      <trkpt lat="31.92492" lon="-6.74810"/>
      <trkpt lat="31.93033" lon="-6.75364"/>
      <trkpt lat="31.93248" lon="-6.75511"/>
      <trkpt lat="31.93309" lon="-6.75569"/>
      <trkpt lat="31.93377" lon="-6.75713"/>
      <trkpt lat="31.93681" lon="-6.75991"/>
      <trkpt lat="31.93898" lon="-6.76168"/>
      <trkpt lat="31.94277" lon="-6.76353"/>
      <trkpt lat="31.94451" lon="-6.76484"/>
      <trkpt lat="31.94849" lon="-6.76660"/>
      <trkpt lat="31.95270" lon="-6.76581"/>
      <trkpt lat="31.95386" lon="-6.76605"/>
      <trkpt lat="31.95442" lon="-6.76657"/>
      <trkpt lat="31.95549" lon="-6.76652"/>
      <trkpt lat="31.95623" lon="-6.76882"/>
      <trkpt lat="31.95655" lon="-6.76897"/>
      <trkpt lat="31.96034" lon="-6.76789"/>
      <trkpt lat="31.96196" lon="-6.76643"/>
      <trkpt lat="31.96316" lon="-6.76689"/>
      <trkpt lat="31.96523" lon="-6.76458"/>
      <trkpt lat="31.96560" lon="-6.76470"/>
      <trkpt lat="31.96541" lon="-6.76593"/>
      <trkpt lat="31.96677" lon="-6.76558"/>
      <trkpt lat="31.96744" lon="-6.76599"/>
      <trkpt lat="31.96818" lon="-6.76575"/>
      <trkpt lat="31.96854" lon="-6.76381"/>
      <trkpt lat="31.96793" lon="-6.76265"/>
      <trkpt lat="31.96834" lon="-6.76196"/>
      <trkpt lat="31.96951" lon="-6.76205"/>
      <trkpt lat="31.97191" lon="-6.76321"/>
      <trkpt lat="31.97268" lon="-6.76301"/>
      <trkpt lat="31.97616" lon="-6.75911"/>
      <trkpt lat="31.97971" lon="-6.75730"/>
      <trkpt lat="31.98092" lon="-6.75599"/>
      <trkpt lat="31.98238" lon="-6.75563"/>
      <trkpt lat="31.98712" lon="-6.75136"/>
      <trkpt lat="31.98869" lon="-6.74864"/>
      <trkpt lat="31.99187" lon="-6.74148"/>
      <trkpt lat="31.99465" lon="-6.73853"/>
      <trkpt lat="31.99642" lon="-6.73809"/>
      <trkpt lat="31.99850" lon="-6.73599"/>
      <trkpt lat="32.00077" lon="-6.73442"/>
      <trkpt lat="32.00201" lon="-6.73080"/>
      <trkpt lat="32.00354" lon="-6.72953"/>
      <trkpt lat="32.00438" lon="-6.72664"/>
      <trkpt lat="32.00563" lon="-6.72511"/>
      <trkpt lat="32.00647" lon="-6.72170"/>
      <trkpt lat="32.00597" lon="-6.71822"/>
      <trkpt lat="32.00710" lon="-6.71683"/>
      <trkpt lat="32.00803" lon="-6.71645"/>
      <trkpt lat="32.01045" lon="-6.71744"/>
      <trkpt lat="32.01239" lon="-6.71772"/>
      <trkpt lat="32.01293" lon="-6.71730"/>
      <trkpt lat="32.01502" lon="-6.71955"/>
      <trkpt lat="32.01307" lon="-6.71679"/>
      <trkpt lat="32.01331" lon="-6.71467"/>
      <trkpt lat="32.01450" lon="-6.71303"/>
      <trkpt lat="32.01473" lon="-6.71114"/>
      <trkpt lat="32.01573" lon="-6.71154"/>
      <trkpt lat="32.01869" lon="-6.71117"/>
      <trkpt lat="32.01993" lon="-6.71043"/>
      <trkpt lat="32.02118" lon="-6.70871"/>
      <trkpt lat="32.02156" lon="-6.70715"/>
      <trkpt lat="32.02109" lon="-6.70602"/>
      <trkpt lat="32.02126" lon="-6.70534"/>
      <trkpt lat="32.02088" lon="-6.70397"/>
      <trkpt lat="32.02141" lon="-6.70355"/>
      <trkpt lat="32.02152" lon="-6.70254"/>
      <trkpt lat="32.02247" lon="-6.70021"/>
      <trkpt lat="32.02345" lon="-6.69955"/>
      <trkpt lat="32.02453" lon="-6.69964"/>
      <trkpt lat="32.02487" lon="-6.69937"/>
      <trkpt lat="32.02429" lon="-6.69710"/>
      <trkpt lat="32.02579" lon="-6.69729"/>
      <trkpt lat="32.02662" lon="-6.69805"/>
      <trkpt lat="32.02683" lon="-6.69730"/>
      <trkpt lat="32.02786" lon="-6.69762"/>
      <trkpt lat="32.02918" lon="-6.69719"/>
      <trkpt lat="32.02945" lon="-6.69683"/>
      <trkpt lat="32.02909" lon="-6.69618"/>
      <trkpt lat="32.02923" lon="-6.69578"/>
      <trkpt lat="32.03058" lon="-6.69490"/>
      <trkpt lat="32.02981" lon="-6.69371"/>
      <trkpt lat="32.02844" lon="-6.69251"/>
      <trkpt lat="32.02852" lon="-6.69145"/>
      <trkpt lat="32.02799" lon="-6.69122"/>
      <trkpt lat="32.02733" lon="-6.69140"/>
      <trkpt lat="32.02689" lon="-6.69082"/>
      <trkpt lat="32.02701" lon="-6.69048"/>
      <trkpt lat="32.02806" lon="-6.69020"/>
      <trkpt lat="32.02831" lon="-6.68963"/>
      <trkpt lat="32.02993" lon="-6.68940"/>
      <trkpt lat="32.03083" lon="-6.68844"/>
      <trkpt lat="32.03117" lon="-6.68988"/>
      <trkpt lat="32.03206" lon="-6.68955"/>
      <trkpt lat="32.03442" lon="-6.68756"/>
      <trkpt lat="32.03605" lon="-6.68540"/>
      <trkpt lat="32.03599" lon="-6.68721"/>
      <trkpt lat="32.03633" lon="-6.68811"/>
      <trkpt lat="32.03692" lon="-6.68825"/>
      <trkpt lat="32.03830" lon="-6.68754"/>
      <trkpt lat="32.03930" lon="-6.68794"/>
      <trkpt lat="32.03939" lon="-6.68911"/>
      <trkpt lat="32.04009" lon="-6.69022"/>
      <trkpt lat="32.04180" lon="-6.69174"/>
      <trkpt lat="32.04212" lon="-6.68945"/>
      <trkpt lat="32.04403" lon="-6.68699"/>
      <trkpt lat="32.04312" lon="-6.68500"/>
      <trkpt lat="32.04435" lon="-6.68432"/>
      <trkpt lat="32.04530" lon="-6.68333"/>
      <trkpt lat="32.04455" lon="-6.68217"/>
      <trkpt lat="32.04438" lon="-6.68090"/>
      <trkpt lat="32.04341" lon="-6.67933"/>
      <trkpt lat="32.04225" lon="-6.67935"/>
      <trkpt lat="32.04213" lon="-6.67822"/>
      <trkpt lat="32.04111" lon="-6.67741"/>
      <trkpt lat="32.04132" lon="-6.67703"/>
      <trkpt lat="32.04336" lon="-6.67689"/>
      <trkpt lat="32.04429" lon="-6.67604"/>
      <trkpt lat="32.04532" lon="-6.67693"/>
      <trkpt lat="32.04655" lon="-6.67691"/>
      <trkpt lat="32.04747" lon="-6.67574"/>
      <trkpt lat="32.04795" lon="-6.67623"/>
      <trkpt lat="32.04856" lon="-6.67848"/>
      <trkpt lat="32.05038" lon="-6.67855"/>
      <trkpt lat="32.05085" lon="-6.67778"/>
      <trkpt lat="32.05242" lon="-6.67665"/>
      <trkpt lat="32.05294" lon="-6.67563"/>
      <trkpt lat="32.05186" lon="-6.67356"/>
      <trkpt lat="32.05201" lon="-6.67322"/>
      <trkpt lat="32.05343" lon="-6.67317"/>
      <trkpt lat="32.05434" lon="-6.67404"/>
      <trkpt lat="32.05591" lon="-6.67460"/>
      <trkpt lat="32.05686" lon="-6.67371"/>
      <trkpt lat="32.05702" lon="-6.67306"/>
      <trkpt lat="32.05673" lon="-6.67183"/>
      <trkpt lat="32.05803" lon="-6.67165"/>
      <trkpt lat="32.05878" lon="-6.67089"/>
      <trkpt lat="32.05967" lon="-6.67129"/>
      <trkpt lat="32.06058" lon="-6.67070"/>
      <trkpt lat="32.06171" lon="-6.67213"/>
      <trkpt lat="32.06300" lon="-6.67311"/>
      <trkpt lat="32.06399" lon="-6.67259"/>
      <trkpt lat="32.06529" lon="-6.67277"/>
      <trkpt lat="32.06649" lon="-6.67153"/>
      <trkpt lat="32.06738" lon="-6.67173"/>
      <trkpt lat="32.06768" lon="-6.67037"/>
      <trkpt lat="32.06665" lon="-6.66973"/>
      <trkpt lat="32.06907" lon="-6.66970"/>
      <trkpt lat="32.06939" lon="-6.67051"/>
      <trkpt lat="32.06745" lon="-6.67465"/>
      <trkpt lat="32.06645" lon="-6.67473"/>
      <trkpt lat="32.06544" lon="-6.67557"/>
      <trkpt lat="32.06456" lon="-6.67540"/>
      <trkpt lat="32.06552" lon="-6.67593"/>
      <trkpt lat="32.06648" lon="-6.67532"/>
      <trkpt lat="32.06728" lon="-6.67584"/>
      <trkpt lat="32.06905" lon="-6.67575"/>
      <trkpt lat="32.07013" lon="-6.67542"/>
      <trkpt lat="32.07091" lon="-6.67460"/>
      <trkpt lat="32.07109" lon="-6.67492"/>
      <trkpt lat="32.07048" lon="-6.67574"/>
      <trkpt lat="32.06738" lon="-6.67713"/>
      <trkpt lat="32.06102" lon="-6.67823"/>
      <trkpt lat="32.06103" lon="-6.67900"/>
      <trkpt lat="32.06280" lon="-6.67847"/>
      <trkpt lat="32.06901" lon="-6.67806"/>
      <trkpt lat="32.07055" lon="-6.67748"/>
      <trkpt lat="32.07242" lon="-6.67744"/>
      <trkpt lat="32.07393" lon="-6.67973"/>
      <trkpt lat="32.07719" lon="-6.67960"/>
      <trkpt lat="32.07944" lon="-6.68127"/>
      <trkpt lat="32.08120" lon="-6.68197"/>
      <trkpt lat="32.08371" lon="-6.68613"/>
      <trkpt lat="32.08373" lon="-6.68689"/>
      <trkpt lat="32.08269" lon="-6.68827"/>
      <trkpt lat="32.08265" lon="-6.69022"/>
      <trkpt lat="32.08417" lon="-6.69401"/>
      <trkpt lat="32.08595" lon="-6.69725"/>
      <trkpt lat="32.08709" lon="-6.69877"/>
      <trkpt lat="32.08936" lon="-6.70077"/>
      <trkpt lat="32.09192" lon="-6.70427"/>
      <trkpt lat="32.09369" lon="-6.70770"/>
      <trkpt lat="32.09481" lon="-6.70847"/>
      <trkpt lat="32.09685" lon="-6.70874"/>
      <trkpt lat="32.09981" lon="-6.71287"/>
      <trkpt lat="32.10071" lon="-6.71312"/>
      <trkpt lat="32.10601" lon="-6.71194"/>
      <trkpt lat="32.10791" lon="-6.71094"/>
      <trkpt lat="32.11275" lon="-6.70924"/>
      <trkpt lat="32.11334" lon="-6.70771"/>
      <trkpt lat="32.11401" lon="-6.70865"/>
      <trkpt lat="32.11411" lon="-6.71054"/>
      <trkpt lat="32.11449" lon="-6.71131"/>
      <trkpt lat="32.11566" lon="-6.71059"/>
      <trkpt lat="32.11569" lon="-6.71180"/>
      <trkpt lat="32.11773" lon="-6.71292"/>
      <trkpt lat="32.12119" lon="-6.71370"/>
      <trkpt lat="32.12251" lon="-6.71294"/>
      <trkpt lat="32.12336" lon="-6.71339"/>
      <trkpt lat="32.12275" lon="-6.71566"/>
      <trkpt lat="32.12359" lon="-6.72306"/>
      <trkpt lat="32.12423" lon="-6.72339"/>
      <trkpt lat="32.12544" lon="-6.72596"/>
      <trkpt lat="32.12626" lon="-6.72624"/>
      <trkpt lat="32.12651" lon="-6.72727"/>
      <trkpt lat="32.12723" lon="-6.72775"/>
      <trkpt lat="32.12774" lon="-6.72745"/>
      <trkpt lat="32.13005" lon="-6.73050"/>
      <trkpt lat="32.12982" lon="-6.73428"/>
      <trkpt lat="32.13053" lon="-6.73638"/>
      <trkpt lat="32.13412" lon="-6.73977"/>
      <trkpt lat="32.13615" lon="-6.74015"/>
      <trkpt lat="32.13829" lon="-6.74140"/>
      <trkpt lat="32.13952" lon="-6.74392"/>
      <trkpt lat="32.13951" lon="-6.74852"/>
      <trkpt lat="32.14023" lon="-6.75161"/>
      <trkpt lat="32.14111" lon="-6.75219"/>
      <trkpt lat="32.14289" lon="-6.75206"/>
      <trkpt lat="32.14500" lon="-6.75121"/>
      <trkpt lat="32.14619" lon="-6.74989"/>
      <trkpt lat="32.14728" lon="-6.75859"/>
      <trkpt lat="32.14868" lon="-6.76048"/>
      <trkpt lat="32.15001" lon="-6.76075"/>
      <trkpt lat="32.14952" lon="-6.76140"/>
      <trkpt lat="32.15140" lon="-6.76416"/>
      <trkpt lat="32.15247" lon="-6.76695"/>
      <trkpt lat="32.15310" lon="-6.77007"/>
      <trkpt lat="32.15299" lon="-6.77240"/>
      <trkpt lat="32.15259" lon="-6.77354"/>
      <trkpt lat="32.15306" lon="-6.77481"/>
      <trkpt lat="32.15184" lon="-6.77577"/>
      <trkpt lat="32.15039" lon="-6.77585"/>
      <trkpt lat="32.15174" lon="-6.77695"/>
      <trkpt lat="32.15279" lon="-6.77733"/>
      <trkpt lat="32.15320" lon="-6.77793"/>
      <trkpt lat="32.15454" lon="-6.77790"/>
      <trkpt lat="32.15469" lon="-6.77828"/>
      <trkpt lat="32.15394" lon="-6.77954"/>
      <trkpt lat="32.15230" lon="-6.77986"/>
      <trkpt lat="32.15318" lon="-6.78068"/>
      <trkpt lat="32.15367" lon="-6.78057"/>
      <trkpt lat="32.15560" lon="-6.78117"/>
      <trkpt lat="32.15687" lon="-6.78050"/>
      <trkpt lat="32.15821" lon="-6.77864"/>
      <trkpt lat="32.15843" lon="-6.77761"/>
      <trkpt lat="32.15982" lon="-6.77694"/>
      <trkpt lat="32.16487" lon="-6.77765"/>
      <trkpt lat="32.16630" lon="-6.77854"/>
      <trkpt lat="32.16764" lon="-6.78001"/>
      <trkpt lat="32.16677" lon="-6.78145"/>
      <trkpt lat="32.16708" lon="-6.78468"/>
      <trkpt lat="32.16767" lon="-6.78618"/>
      <trkpt lat="32.16922" lon="-6.78778"/>
      <trkpt lat="32.17109" lon="-6.78854"/>
      <trkpt lat="32.17400" lon="-6.79127"/>
      <trkpt lat="32.17573" lon="-6.79200"/>
      <trkpt lat="32.17688" lon="-6.79410"/>
      <trkpt lat="32.17828" lon="-6.79261"/>
      <trkpt lat="32.17922" lon="-6.79221"/>
      <trkpt lat="32.17953" lon="-6.79151"/>
      <trkpt lat="32.18031" lon="-6.79136"/>
      <trkpt lat="32.18087" lon="-6.79327"/>
      <trkpt lat="32.17902" lon="-6.79524"/>
      <trkpt lat="32.17911" lon="-6.79659"/>
      <trkpt lat="32.18022" lon="-6.79866"/>
      <trkpt lat="32.18155" lon="-6.79996"/>
      <trkpt lat="32.18218" lon="-6.80168"/>
      <trkpt lat="32.18238" lon="-6.80408"/>
      <trkpt lat="32.18259" lon="-6.80436"/>
      <trkpt lat="32.18373" lon="-6.80427"/>
      <trkpt lat="32.18337" lon="-6.80475"/>
      <trkpt lat="32.18392" lon="-6.80576"/>
      <trkpt lat="32.18387" lon="-6.80495"/>
      <trkpt lat="32.18580" lon="-6.80398"/>
      <trkpt lat="32.18741" lon="-6.80454"/>
      <trkpt lat="32.18924" lon="-6.80422"/>
      <trkpt lat="32.18760" lon="-6.80564"/>
      <trkpt lat="32.18782" lon="-6.80613"/>
      <trkpt lat="32.19097" lon="-6.80493"/>
      <trkpt lat="32.19444" lon="-6.80409"/>
      <trkpt lat="32.20555" lon="-6.80741"/>
      <trkpt lat="32.20569" lon="-6.80724"/>
      <trkpt lat="32.20985" lon="-6.81065"/>
      <trkpt lat="32.21080" lon="-6.81065"/>
      <trkpt lat="32.21128" lon="-6.81017"/>
      <trkpt lat="32.23094" lon="-6.70681"/>
      <trkpt lat="32.25638" lon="-6.56735"/>
      <trkpt lat="32.27249" lon="-6.49628"/>
      <trkpt lat="32.25177" lon="-6.48961"/>
      <trkpt lat="32.24197" lon="-6.49640"/>
      <trkpt lat="32.24233" lon="-6.49607"/>
      <trkpt lat="32.24172" lon="-6.49465"/>
      <trkpt lat="32.23339" lon="-6.47839"/>
      <trkpt lat="32.23413" lon="-6.47582"/>
      <trkpt lat="32.23168" lon="-6.47414"/>
      <trkpt lat="32.22959" lon="-6.47196"/>
      <trkpt lat="32.22008" lon="-6.46543"/>
      <trkpt lat="32.21801" lon="-6.46306"/>
      <trkpt lat="32.21769" lon="-6.46332"/>
      <trkpt lat="32.21617" lon="-6.46117"/>
      <trkpt lat="32.21807" lon="-6.46049"/>
      <trkpt lat="32.22220" lon="-6.46037"/>
      <trkpt lat="32.22984" lon="-6.46173"/>
      <trkpt lat="32.25138" lon="-6.45941"/>
      <trkpt lat="32.26756" lon="-6.45668"/>
      <trkpt lat="32.27045" lon="-6.45730"/>
      <trkpt lat="32.27627" lon="-6.45535"/>
      <trkpt lat="32.28122" lon="-6.45632"/>
      <trkpt lat="32.28199" lon="-6.45169"/>
      <trkpt lat="32.29351" lon="-6.42780"/>
      <trkpt lat="32.30277" lon="-6.41250"/>
      <trkpt lat="32.33037" lon="-6.36910"/>
      <trkpt lat="32.33457" lon="-6.35698"/>
      <trkpt lat="32.33580" lon="-6.35625"/>
      <trkpt lat="32.33661" lon="-6.35434"/>
      <trkpt lat="32.33745" lon="-6.35148"/>
      <trkpt lat="32.33734" lon="-6.34981"/>
    </trkseg>
  </trk>
  <trk><name>Day 9 · Beni Mellal → Khenifra → Midelt (285)</name><desc>Day 9 - follows the actual roads</desc>
    <trkseg>
      <trkpt lat="32.33734" lon="-6.34981"/>
      <trkpt lat="32.33837" lon="-6.34714"/>
      <trkpt lat="32.34037" lon="-6.34414"/>
      <trkpt lat="32.34571" lon="-6.34082"/>
      <trkpt lat="32.34726" lon="-6.33920"/>
      <trkpt lat="32.34989" lon="-6.33799"/>
      <trkpt lat="32.35024" lon="-6.33745"/>
      <trkpt lat="32.35096" lon="-6.33759"/>
      <trkpt lat="32.35509" lon="-6.33557"/>
      <trkpt lat="32.36469" lon="-6.33015"/>
      <trkpt lat="32.36712" lon="-6.32930"/>
      <trkpt lat="32.37310" lon="-6.32791"/>
      <trkpt lat="32.37720" lon="-6.32838"/>
      <trkpt lat="32.37975" lon="-6.32791"/>
      <trkpt lat="32.38947" lon="-6.32934"/>
      <trkpt lat="32.39359" lon="-6.33107"/>
      <trkpt lat="32.40243" lon="-6.33339"/>
      <trkpt lat="32.41169" lon="-6.33367"/>
      <trkpt lat="32.41427" lon="-6.33318"/>
      <trkpt lat="32.41921" lon="-6.33021"/>
      <trkpt lat="32.42283" lon="-6.32948"/>
      <trkpt lat="32.43067" lon="-6.32903"/>
      <trkpt lat="32.43813" lon="-6.32799"/>
      <trkpt lat="32.44270" lon="-6.32627"/>
      <trkpt lat="32.44619" lon="-6.32421"/>
      <trkpt lat="32.45114" lon="-6.32426"/>
      <trkpt lat="32.48140" lon="-6.31506"/>
      <trkpt lat="32.48651" lon="-6.31267"/>
      <trkpt lat="32.49150" lon="-6.30852"/>
      <trkpt lat="32.49848" lon="-6.29979"/>
      <trkpt lat="32.50539" lon="-6.29200"/>
      <trkpt lat="32.52785" lon="-6.28282"/>
      <trkpt lat="32.54805" lon="-6.27890"/>
      <trkpt lat="32.56139" lon="-6.27222"/>
      <trkpt lat="32.56878" lon="-6.26948"/>
      <trkpt lat="32.57024" lon="-6.26895"/>
      <trkpt lat="32.57319" lon="-6.26853"/>
      <trkpt lat="32.57783" lon="-6.26879"/>
      <trkpt lat="32.58058" lon="-6.26821"/>
      <trkpt lat="32.58224" lon="-6.26725"/>
      <trkpt lat="32.58306" lon="-6.26600"/>
      <trkpt lat="32.58510" lon="-6.27004"/>
      <trkpt lat="32.58968" lon="-6.27100"/>
      <trkpt lat="32.59160" lon="-6.26992"/>
      <trkpt lat="32.59229" lon="-6.27047"/>
      <trkpt lat="32.59241" lon="-6.27172"/>
      <trkpt lat="32.59290" lon="-6.27227"/>
      <trkpt lat="32.59396" lon="-6.27216"/>
      <trkpt lat="32.59463" lon="-6.26892"/>
      <trkpt lat="32.59599" lon="-6.26820"/>
      <trkpt lat="32.59598" lon="-6.26718"/>
      <trkpt lat="32.59705" lon="-6.26846"/>
      <trkpt lat="32.59829" lon="-6.26884"/>
      <trkpt lat="32.59770" lon="-6.26746"/>
      <trkpt lat="32.59735" lon="-6.26768"/>
      <trkpt lat="32.59738" lon="-6.26859"/>
      <trkpt lat="32.59630" lon="-6.26749"/>
      <trkpt lat="32.59595" lon="-6.26828"/>
      <trkpt lat="32.59477" lon="-6.26868"/>
      <trkpt lat="32.59399" lon="-6.27230"/>
      <trkpt lat="32.59258" lon="-6.27208"/>
      <trkpt lat="32.59229" lon="-6.27047"/>
      <trkpt lat="32.59160" lon="-6.26992"/>
      <trkpt lat="32.58968" lon="-6.27100"/>
      <trkpt lat="32.58510" lon="-6.27004"/>
      <trkpt lat="32.58295" lon="-6.26647"/>
      <trkpt lat="32.58190" lon="-6.26348"/>
      <trkpt lat="32.58151" lon="-6.25884"/>
      <trkpt lat="32.58443" lon="-6.23749"/>
      <trkpt lat="32.58425" lon="-6.23656"/>
      <trkpt lat="32.58127" lon="-6.23128"/>
      <trkpt lat="32.58181" lon="-6.22198"/>
      <trkpt lat="32.57980" lon="-6.19869"/>
      <trkpt lat="32.57985" lon="-6.19739"/>
      <trkpt lat="32.58167" lon="-6.19266"/>
      <trkpt lat="32.59455" lon="-6.16328"/>
      <trkpt lat="32.60415" lon="-6.11062"/>
      <trkpt lat="32.59914" lon="-6.06712"/>
      <trkpt lat="32.59859" lon="-6.06477"/>
      <trkpt lat="32.59877" lon="-6.06398"/>
      <trkpt lat="32.59589" lon="-6.03959"/>
      <trkpt lat="32.59781" lon="-6.03571"/>
      <trkpt lat="32.60160" lon="-6.02291"/>
      <trkpt lat="32.60213" lon="-6.01856"/>
      <trkpt lat="32.60110" lon="-6.00777"/>
      <trkpt lat="32.60123" lon="-6.00660"/>
      <trkpt lat="32.60646" lon="-5.99790"/>
      <trkpt lat="32.60998" lon="-5.99423"/>
      <trkpt lat="32.62597" lon="-5.96992"/>
      <trkpt lat="32.62718" lon="-5.96667"/>
      <trkpt lat="32.62661" lon="-5.96344"/>
      <trkpt lat="32.62735" lon="-5.95890"/>
      <trkpt lat="32.63478" lon="-5.93917"/>
      <trkpt lat="32.63470" lon="-5.93775"/>
      <trkpt lat="32.63359" lon="-5.93348"/>
      <trkpt lat="32.63392" lon="-5.93179"/>
      <trkpt lat="32.64318" lon="-5.91569"/>
      <trkpt lat="32.64352" lon="-5.91471"/>
      <trkpt lat="32.64314" lon="-5.91329"/>
      <trkpt lat="32.64330" lon="-5.91262"/>
      <trkpt lat="32.64565" lon="-5.91147"/>
      <trkpt lat="32.64696" lon="-5.90929"/>
      <trkpt lat="32.64908" lon="-5.90841"/>
      <trkpt lat="32.65006" lon="-5.90681"/>
      <trkpt lat="32.65220" lon="-5.90641"/>
      <trkpt lat="32.65186" lon="-5.90409"/>
      <trkpt lat="32.65368" lon="-5.90423"/>
      <trkpt lat="32.65828" lon="-5.90031"/>
      <trkpt lat="32.65955" lon="-5.89825"/>
      <trkpt lat="32.66027" lon="-5.89625"/>
      <trkpt lat="32.66005" lon="-5.89310"/>
      <trkpt lat="32.66040" lon="-5.89285"/>
      <trkpt lat="32.66256" lon="-5.89307"/>
      <trkpt lat="32.66549" lon="-5.89181"/>
      <trkpt lat="32.67221" lon="-5.88603"/>
      <trkpt lat="32.67332" lon="-5.88267"/>
      <trkpt lat="32.67437" lon="-5.87790"/>
      <trkpt lat="32.67694" lon="-5.87497"/>
      <trkpt lat="32.67817" lon="-5.87267"/>
      <trkpt lat="32.67860" lon="-5.86998"/>
      <trkpt lat="32.67747" lon="-5.86694"/>
      <trkpt lat="32.67792" lon="-5.86677"/>
      <trkpt lat="32.67926" lon="-5.86725"/>
      <trkpt lat="32.68003" lon="-5.86707"/>
      <trkpt lat="32.68070" lon="-5.86640"/>
      <trkpt lat="32.68130" lon="-5.86503"/>
      <trkpt lat="32.68216" lon="-5.85967"/>
      <trkpt lat="32.68152" lon="-5.85666"/>
      <trkpt lat="32.68193" lon="-5.85591"/>
      <trkpt lat="32.68337" lon="-5.85464"/>
      <trkpt lat="32.68501" lon="-5.85392"/>
      <trkpt lat="32.68690" lon="-5.85402"/>
      <trkpt lat="32.69566" lon="-5.85223"/>
      <trkpt lat="32.69822" lon="-5.84972"/>
      <trkpt lat="32.69868" lon="-5.84857"/>
      <trkpt lat="32.69841" lon="-5.84750"/>
      <trkpt lat="32.69759" lon="-5.84647"/>
      <trkpt lat="32.69578" lon="-5.84521"/>
      <trkpt lat="32.69534" lon="-5.84416"/>
      <trkpt lat="32.69682" lon="-5.84298"/>
      <trkpt lat="32.69748" lon="-5.84436"/>
      <trkpt lat="32.69813" lon="-5.84474"/>
      <trkpt lat="32.70034" lon="-5.84466"/>
      <trkpt lat="32.70195" lon="-5.84383"/>
      <trkpt lat="32.70294" lon="-5.84164"/>
      <trkpt lat="32.70397" lon="-5.84024"/>
      <trkpt lat="32.70359" lon="-5.83843"/>
      <trkpt lat="32.70522" lon="-5.83516"/>
      <trkpt lat="32.70345" lon="-5.82823"/>
      <trkpt lat="32.70159" lon="-5.82315"/>
      <trkpt lat="32.70142" lon="-5.82076"/>
      <trkpt lat="32.70082" lon="-5.81833"/>
      <trkpt lat="32.70101" lon="-5.81789"/>
      <trkpt lat="32.70525" lon="-5.81568"/>
      <trkpt lat="32.70849" lon="-5.81171"/>
      <trkpt lat="32.71052" lon="-5.80744"/>
      <trkpt lat="32.71284" lon="-5.80735"/>
      <trkpt lat="32.71503" lon="-5.80621"/>
      <trkpt lat="32.71789" lon="-5.80375"/>
      <trkpt lat="32.71787" lon="-5.80268"/>
      <trkpt lat="32.71643" lon="-5.80211"/>
      <trkpt lat="32.71594" lon="-5.80138"/>
      <trkpt lat="32.71610" lon="-5.80019"/>
      <trkpt lat="32.71694" lon="-5.79931"/>
      <trkpt lat="32.72234" lon="-5.79662"/>
      <trkpt lat="32.72492" lon="-5.79617"/>
      <trkpt lat="32.72538" lon="-5.79414"/>
      <trkpt lat="32.72633" lon="-5.79245"/>
      <trkpt lat="32.72831" lon="-5.79083"/>
      <trkpt lat="32.72864" lon="-5.79013"/>
      <trkpt lat="32.72892" lon="-5.78571"/>
      <trkpt lat="32.73191" lon="-5.78230"/>
      <trkpt lat="32.73820" lon="-5.77300"/>
      <trkpt lat="32.74410" lon="-5.75846"/>
      <trkpt lat="32.74457" lon="-5.75600"/>
      <trkpt lat="32.74906" lon="-5.74638"/>
      <trkpt lat="32.74962" lon="-5.74449"/>
      <trkpt lat="32.75005" lon="-5.74078"/>
      <trkpt lat="32.74921" lon="-5.73719"/>
      <trkpt lat="32.74901" lon="-5.73248"/>
      <trkpt lat="32.74788" lon="-5.72837"/>
      <trkpt lat="32.74764" lon="-5.72370"/>
      <trkpt lat="32.74343" lon="-5.71742"/>
      <trkpt lat="32.74090" lon="-5.71526"/>
      <trkpt lat="32.74036" lon="-5.71344"/>
      <trkpt lat="32.73943" lon="-5.71200"/>
      <trkpt lat="32.73970" lon="-5.70933"/>
      <trkpt lat="32.74207" lon="-5.70141"/>
      <trkpt lat="32.74177" lon="-5.69793"/>
      <trkpt lat="32.74088" lon="-5.69356"/>
      <trkpt lat="32.74090" lon="-5.69206"/>
      <trkpt lat="32.74526" lon="-5.68616"/>
      <trkpt lat="32.74596" lon="-5.68579"/>
      <trkpt lat="32.74822" lon="-5.68574"/>
      <trkpt lat="32.75073" lon="-5.68420"/>
      <trkpt lat="32.75180" lon="-5.68174"/>
      <trkpt lat="32.75578" lon="-5.67577"/>
      <trkpt lat="32.75707" lon="-5.67456"/>
      <trkpt lat="32.75832" lon="-5.67417"/>
      <trkpt lat="32.76442" lon="-5.66767"/>
      <trkpt lat="32.76839" lon="-5.66708"/>
      <trkpt lat="32.76999" lon="-5.66728"/>
      <trkpt lat="32.77133" lon="-5.66526"/>
      <trkpt lat="32.77403" lon="-5.66349"/>
      <trkpt lat="32.77621" lon="-5.66340"/>
      <trkpt lat="32.77741" lon="-5.66422"/>
      <trkpt lat="32.77778" lon="-5.66388"/>
      <trkpt lat="32.77781" lon="-5.66317"/>
      <trkpt lat="32.77707" lon="-5.66158"/>
      <trkpt lat="32.77722" lon="-5.66099"/>
      <trkpt lat="32.77819" lon="-5.66039"/>
      <trkpt lat="32.77844" lon="-5.65960"/>
      <trkpt lat="32.78171" lon="-5.65843"/>
      <trkpt lat="32.78207" lon="-5.65771"/>
      <trkpt lat="32.78257" lon="-5.65401"/>
      <trkpt lat="32.78343" lon="-5.65312"/>
      <trkpt lat="32.79074" lon="-5.64159"/>
      <trkpt lat="32.79159" lon="-5.64115"/>
      <trkpt lat="32.79308" lon="-5.64136"/>
      <trkpt lat="32.79600" lon="-5.63985"/>
      <trkpt lat="32.79867" lon="-5.63480"/>
      <trkpt lat="32.80120" lon="-5.63356"/>
      <trkpt lat="32.80306" lon="-5.63204"/>
      <trkpt lat="32.80438" lon="-5.63180"/>
      <trkpt lat="32.80741" lon="-5.62970"/>
      <trkpt lat="32.81525" lon="-5.62645"/>
      <trkpt lat="32.81703" lon="-5.62500"/>
      <trkpt lat="32.81936" lon="-5.62376"/>
      <trkpt lat="32.82134" lon="-5.62215"/>
      <trkpt lat="32.82585" lon="-5.61598"/>
      <trkpt lat="32.82941" lon="-5.61532"/>
      <trkpt lat="32.83097" lon="-5.61463"/>
      <trkpt lat="32.83942" lon="-5.61391"/>
      <trkpt lat="32.84036" lon="-5.61543"/>
      <trkpt lat="32.84145" lon="-5.61602"/>
      <trkpt lat="32.85263" lon="-5.62028"/>
      <trkpt lat="32.85545" lon="-5.62172"/>
      <trkpt lat="32.85827" lon="-5.62239"/>
      <trkpt lat="32.86116" lon="-5.62434"/>
      <trkpt lat="32.86503" lon="-5.62529"/>
      <trkpt lat="32.86704" lon="-5.62684"/>
      <trkpt lat="32.86836" lon="-5.62707"/>
      <trkpt lat="32.87236" lon="-5.63159"/>
      <trkpt lat="32.87552" lon="-5.63328"/>
      <trkpt lat="32.87849" lon="-5.63437"/>
      <trkpt lat="32.88169" lon="-5.63475"/>
      <trkpt lat="32.88397" lon="-5.63557"/>
      <trkpt lat="32.88515" lon="-5.63650"/>
      <trkpt lat="32.88639" lon="-5.63640"/>
      <trkpt lat="32.89486" lon="-5.63850"/>
      <trkpt lat="32.89576" lon="-5.64008"/>
      <trkpt lat="32.89860" lon="-5.64316"/>
      <trkpt lat="32.89934" lon="-5.64532"/>
      <trkpt lat="32.89993" lon="-5.64578"/>
      <trkpt lat="32.90129" lon="-5.64800"/>
      <trkpt lat="32.90111" lon="-5.65027"/>
      <trkpt lat="32.90048" lon="-5.65150"/>
      <trkpt lat="32.90065" lon="-5.65303"/>
      <trkpt lat="32.90012" lon="-5.65403"/>
      <trkpt lat="32.90062" lon="-5.65493"/>
      <trkpt lat="32.90172" lon="-5.65576"/>
      <trkpt lat="32.90258" lon="-5.65870"/>
      <trkpt lat="32.90396" lon="-5.66116"/>
      <trkpt lat="32.90445" lon="-5.66289"/>
      <trkpt lat="32.90226" lon="-5.66646"/>
      <trkpt lat="32.90187" lon="-5.66817"/>
      <trkpt lat="32.90340" lon="-5.66935"/>
      <trkpt lat="32.90364" lon="-5.67031"/>
      <trkpt lat="32.90444" lon="-5.67143"/>
      <trkpt lat="32.90493" lon="-5.67152"/>
      <trkpt lat="32.90593" lon="-5.67084"/>
      <trkpt lat="32.90928" lon="-5.67051"/>
      <trkpt lat="32.91073" lon="-5.66983"/>
      <trkpt lat="32.91121" lon="-5.67010"/>
      <trkpt lat="32.91201" lon="-5.67153"/>
      <trkpt lat="32.91675" lon="-5.67151"/>
      <trkpt lat="32.93444" lon="-5.66812"/>
      <trkpt lat="32.93512" lon="-5.66831"/>
      <trkpt lat="32.93479" lon="-5.66802"/>
      <trkpt lat="32.93341" lon="-5.66852"/>
      <trkpt lat="32.91771" lon="-5.67141"/>
      <trkpt lat="32.91201" lon="-5.67153"/>
      <trkpt lat="32.91121" lon="-5.67010"/>
      <trkpt lat="32.91051" lon="-5.66996"/>
      <trkpt lat="32.90917" lon="-5.67053"/>
      <trkpt lat="32.90588" lon="-5.67085"/>
      <trkpt lat="32.90458" lon="-5.67151"/>
      <trkpt lat="32.90373" lon="-5.67050"/>
      <trkpt lat="32.90335" lon="-5.66929"/>
      <trkpt lat="32.90185" lon="-5.66808"/>
      <trkpt lat="32.90233" lon="-5.66631"/>
      <trkpt lat="32.90386" lon="-5.66383"/>
      <trkpt lat="32.90426" lon="-5.66248"/>
      <trkpt lat="32.90413" lon="-5.66155"/>
      <trkpt lat="32.90254" lon="-5.65860"/>
      <trkpt lat="32.90167" lon="-5.65566"/>
      <trkpt lat="32.90073" lon="-5.65504"/>
      <trkpt lat="32.90012" lon="-5.65393"/>
      <trkpt lat="32.90066" lon="-5.65296"/>
      <trkpt lat="32.90045" lon="-5.65172"/>
      <trkpt lat="32.90114" lon="-5.65013"/>
      <trkpt lat="32.90138" lon="-5.64832"/>
      <trkpt lat="32.90004" lon="-5.64595"/>
      <trkpt lat="32.89929" lon="-5.64523"/>
      <trkpt lat="32.89849" lon="-5.64301"/>
      <trkpt lat="32.89569" lon="-5.64000"/>
      <trkpt lat="32.89501" lon="-5.63860"/>
      <trkpt lat="32.88653" lon="-5.63644"/>
      <trkpt lat="32.88511" lon="-5.63649"/>
      <trkpt lat="32.88389" lon="-5.63554"/>
      <trkpt lat="32.88160" lon="-5.63472"/>
      <trkpt lat="32.87863" lon="-5.63441"/>
      <trkpt lat="32.87453" lon="-5.63284"/>
      <trkpt lat="32.87188" lon="-5.63118"/>
      <trkpt lat="32.86863" lon="-5.62725"/>
      <trkpt lat="32.86675" lon="-5.62675"/>
      <trkpt lat="32.86459" lon="-5.62515"/>
      <trkpt lat="32.86189" lon="-5.62465"/>
      <trkpt lat="32.85798" lon="-5.62228"/>
      <trkpt lat="32.85518" lon="-5.62165"/>
      <trkpt lat="32.85246" lon="-5.62022"/>
      <trkpt lat="32.84088" lon="-5.61575"/>
      <trkpt lat="32.84027" lon="-5.61526"/>
      <trkpt lat="32.83979" lon="-5.61413"/>
      <trkpt lat="32.83915" lon="-5.61392"/>
      <trkpt lat="32.83087" lon="-5.61465"/>
      <trkpt lat="32.82918" lon="-5.61538"/>
      <trkpt lat="32.82621" lon="-5.61576"/>
      <trkpt lat="32.82334" lon="-5.61915"/>
      <trkpt lat="32.82273" lon="-5.61725"/>
      <trkpt lat="32.82296" lon="-5.61512"/>
      <trkpt lat="32.82577" lon="-5.61191"/>
      <trkpt lat="32.82567" lon="-5.61106"/>
      <trkpt lat="32.82431" lon="-5.60937"/>
      <trkpt lat="32.82236" lon="-5.60896"/>
      <trkpt lat="32.82057" lon="-5.60941"/>
      <trkpt lat="32.81826" lon="-5.60870"/>
      <trkpt lat="32.81631" lon="-5.60740"/>
      <trkpt lat="32.81435" lon="-5.60734"/>
      <trkpt lat="32.81316" lon="-5.60677"/>
      <trkpt lat="32.81107" lon="-5.60447"/>
      <trkpt lat="32.80744" lon="-5.60266"/>
      <trkpt lat="32.80494" lon="-5.60297"/>
      <trkpt lat="32.80323" lon="-5.60235"/>
      <trkpt lat="32.80119" lon="-5.60107"/>
      <trkpt lat="32.79831" lon="-5.60060"/>
      <trkpt lat="32.79357" lon="-5.59852"/>
      <trkpt lat="32.79133" lon="-5.59631"/>
      <trkpt lat="32.78730" lon="-5.59149"/>
      <trkpt lat="32.78669" lon="-5.58979"/>
      <trkpt lat="32.78573" lon="-5.58942"/>
      <trkpt lat="32.78192" lon="-5.58904"/>
      <trkpt lat="32.78075" lon="-5.58836"/>
      <trkpt lat="32.77845" lon="-5.58820"/>
      <trkpt lat="32.77690" lon="-5.58871"/>
      <trkpt lat="32.77431" lon="-5.58828"/>
      <trkpt lat="32.77314" lon="-5.58765"/>
      <trkpt lat="32.77321" lon="-5.58716"/>
      <trkpt lat="32.77454" lon="-5.58593"/>
      <trkpt lat="32.77476" lon="-5.58539"/>
      <trkpt lat="32.77439" lon="-5.58491"/>
      <trkpt lat="32.77148" lon="-5.58460"/>
      <trkpt lat="32.76651" lon="-5.58190"/>
      <trkpt lat="32.75635" lon="-5.58212"/>
      <trkpt lat="32.75189" lon="-5.58372"/>
      <trkpt lat="32.75106" lon="-5.58202"/>
      <trkpt lat="32.74692" lon="-5.57653"/>
      <trkpt lat="32.74375" lon="-5.57373"/>
      <trkpt lat="32.74064" lon="-5.57232"/>
      <trkpt lat="32.73694" lon="-5.57288"/>
      <trkpt lat="32.73461" lon="-5.57195"/>
      <trkpt lat="32.72865" lon="-5.57394"/>
      <trkpt lat="32.72691" lon="-5.57514"/>
      <trkpt lat="32.72245" lon="-5.57591"/>
      <trkpt lat="32.72130" lon="-5.57698"/>
      <trkpt lat="32.71921" lon="-5.57815"/>
      <trkpt lat="32.71887" lon="-5.57789"/>
      <trkpt lat="32.71887" lon="-5.57703"/>
      <trkpt lat="32.72105" lon="-5.57392"/>
      <trkpt lat="32.72101" lon="-5.57345"/>
      <trkpt lat="32.72037" lon="-5.57306"/>
      <trkpt lat="32.71901" lon="-5.57450"/>
      <trkpt lat="32.71185" lon="-5.57608"/>
      <trkpt lat="32.71130" lon="-5.57835"/>
      <trkpt lat="32.70827" lon="-5.57935"/>
      <trkpt lat="32.70655" lon="-5.58170"/>
      <trkpt lat="32.70561" lon="-5.58123"/>
      <trkpt lat="32.70505" lon="-5.57954"/>
      <trkpt lat="32.70449" lon="-5.57928"/>
      <trkpt lat="32.70327" lon="-5.57975"/>
      <trkpt lat="32.70083" lon="-5.57864"/>
      <trkpt lat="32.69960" lon="-5.57737"/>
      <trkpt lat="32.69898" lon="-5.57600"/>
      <trkpt lat="32.69698" lon="-5.57451"/>
      <trkpt lat="32.69387" lon="-5.57419"/>
      <trkpt lat="32.69223" lon="-5.57335"/>
      <trkpt lat="32.69091" lon="-5.57473"/>
      <trkpt lat="32.69018" lon="-5.57468"/>
      <trkpt lat="32.68912" lon="-5.57372"/>
      <trkpt lat="32.68863" lon="-5.57265"/>
      <trkpt lat="32.68958" lon="-5.56805"/>
      <trkpt lat="32.68928" lon="-5.56766"/>
      <trkpt lat="32.68810" lon="-5.56731"/>
      <trkpt lat="32.68739" lon="-5.56619"/>
      <trkpt lat="32.68667" lon="-5.56577"/>
      <trkpt lat="32.68549" lon="-5.56369"/>
      <trkpt lat="32.68495" lon="-5.56200"/>
      <trkpt lat="32.68270" lon="-5.55995"/>
      <trkpt lat="32.68059" lon="-5.55733"/>
      <trkpt lat="32.68089" lon="-5.55580"/>
      <trkpt lat="32.68067" lon="-5.55433"/>
      <trkpt lat="32.68218" lon="-5.55165"/>
      <trkpt lat="32.68216" lon="-5.54979"/>
      <trkpt lat="32.68344" lon="-5.54876"/>
      <trkpt lat="32.68396" lon="-5.54764"/>
      <trkpt lat="32.68425" lon="-5.53992"/>
      <trkpt lat="32.68480" lon="-5.53773"/>
      <trkpt lat="32.68448" lon="-5.53520"/>
      <trkpt lat="32.68487" lon="-5.53139"/>
      <trkpt lat="32.68379" lon="-5.52924"/>
      <trkpt lat="32.68284" lon="-5.52561"/>
      <trkpt lat="32.68291" lon="-5.52034"/>
      <trkpt lat="32.68194" lon="-5.51699"/>
      <trkpt lat="32.67555" lon="-5.50829"/>
      <trkpt lat="32.67291" lon="-5.50757"/>
      <trkpt lat="32.66948" lon="-5.50436"/>
      <trkpt lat="32.66697" lon="-5.50468"/>
      <trkpt lat="32.66588" lon="-5.50605"/>
      <trkpt lat="32.66524" lon="-5.50601"/>
      <trkpt lat="32.66474" lon="-5.50545"/>
      <trkpt lat="32.66480" lon="-5.50361"/>
      <trkpt lat="32.66603" lon="-5.50258"/>
      <trkpt lat="32.66666" lon="-5.50089"/>
      <trkpt lat="32.66807" lon="-5.50075"/>
      <trkpt lat="32.66877" lon="-5.50020"/>
      <trkpt lat="32.66972" lon="-5.49660"/>
      <trkpt lat="32.67046" lon="-5.49531"/>
      <trkpt lat="32.67073" lon="-5.49207"/>
      <trkpt lat="32.67186" lon="-5.49062"/>
      <trkpt lat="32.67188" lon="-5.48933"/>
      <trkpt lat="32.67150" lon="-5.48894"/>
      <trkpt lat="32.67007" lon="-5.48855"/>
      <trkpt lat="32.66965" lon="-5.48818"/>
      <trkpt lat="32.66946" lon="-5.48725"/>
      <trkpt lat="32.67073" lon="-5.48476"/>
      <trkpt lat="32.67138" lon="-5.47926"/>
      <trkpt lat="32.67305" lon="-5.47435"/>
      <trkpt lat="32.67466" lon="-5.47173"/>
      <trkpt lat="32.67510" lon="-5.46731"/>
      <trkpt lat="32.67629" lon="-5.46512"/>
      <trkpt lat="32.67648" lon="-5.46281"/>
      <trkpt lat="32.67718" lon="-5.46052"/>
      <trkpt lat="32.67658" lon="-5.45857"/>
      <trkpt lat="32.67654" lon="-5.45678"/>
      <trkpt lat="32.67288" lon="-5.45366"/>
      <trkpt lat="32.67087" lon="-5.45134"/>
      <trkpt lat="32.67025" lon="-5.44986"/>
      <trkpt lat="32.66938" lon="-5.44536"/>
      <trkpt lat="32.66783" lon="-5.44048"/>
      <trkpt lat="32.66801" lon="-5.43683"/>
      <trkpt lat="32.66761" lon="-5.43395"/>
      <trkpt lat="32.66646" lon="-5.42987"/>
      <trkpt lat="32.66657" lon="-5.42754"/>
      <trkpt lat="32.66620" lon="-5.42626"/>
      <trkpt lat="32.66302" lon="-5.42127"/>
      <trkpt lat="32.66070" lon="-5.41893"/>
      <trkpt lat="32.65935" lon="-5.41641"/>
      <trkpt lat="32.65889" lon="-5.41209"/>
      <trkpt lat="32.65975" lon="-5.40776"/>
      <trkpt lat="32.65913" lon="-5.40515"/>
      <trkpt lat="32.65934" lon="-5.39847"/>
      <trkpt lat="32.65841" lon="-5.39663"/>
      <trkpt lat="32.65700" lon="-5.39614"/>
      <trkpt lat="32.65629" lon="-5.39539"/>
      <trkpt lat="32.65454" lon="-5.39034"/>
      <trkpt lat="32.65257" lon="-5.38273"/>
      <trkpt lat="32.65334" lon="-5.38037"/>
      <trkpt lat="32.65981" lon="-5.37245"/>
      <trkpt lat="32.66064" lon="-5.37086"/>
      <trkpt lat="32.66322" lon="-5.36332"/>
      <trkpt lat="32.66368" lon="-5.35928"/>
      <trkpt lat="32.66871" lon="-5.34538"/>
      <trkpt lat="32.67161" lon="-5.33831"/>
      <trkpt lat="32.67403" lon="-5.33492"/>
      <trkpt lat="32.67634" lon="-5.33082"/>
      <trkpt lat="32.67761" lon="-5.32722"/>
      <trkpt lat="32.67924" lon="-5.32459"/>
      <trkpt lat="32.68048" lon="-5.32180"/>
      <trkpt lat="32.68303" lon="-5.31119"/>
      <trkpt lat="32.68307" lon="-5.30917"/>
      <trkpt lat="32.68017" lon="-5.30348"/>
      <trkpt lat="32.67656" lon="-5.29139"/>
      <trkpt lat="32.67416" lon="-5.28580"/>
      <trkpt lat="32.67394" lon="-5.28450"/>
      <trkpt lat="32.67387" lon="-5.26030"/>
      <trkpt lat="32.67876" lon="-5.24383"/>
      <trkpt lat="32.67844" lon="-5.23796"/>
      <trkpt lat="32.67933" lon="-5.23389"/>
      <trkpt lat="32.67919" lon="-5.22853"/>
      <trkpt lat="32.68098" lon="-5.22367"/>
      <trkpt lat="32.68375" lon="-5.21982"/>
      <trkpt lat="32.69039" lon="-5.20758"/>
      <trkpt lat="32.70277" lon="-5.19395"/>
      <trkpt lat="32.72694" lon="-5.18140"/>
      <trkpt lat="32.74417" lon="-5.17403"/>
      <trkpt lat="32.74550" lon="-5.17295"/>
      <trkpt lat="32.74612" lon="-5.17188"/>
      <trkpt lat="32.74686" lon="-5.16890"/>
      <trkpt lat="32.74672" lon="-5.16686"/>
      <trkpt lat="32.74211" lon="-5.15672"/>
      <trkpt lat="32.73985" lon="-5.14417"/>
      <trkpt lat="32.73989" lon="-5.14215"/>
      <trkpt lat="32.74304" lon="-5.13398"/>
      <trkpt lat="32.74465" lon="-5.13170"/>
      <trkpt lat="32.75519" lon="-5.12436"/>
      <trkpt lat="32.75700" lon="-5.12244"/>
      <trkpt lat="32.75782" lon="-5.12073"/>
      <trkpt lat="32.75935" lon="-5.11451"/>
      <trkpt lat="32.76189" lon="-5.10961"/>
      <trkpt lat="32.76269" lon="-5.10743"/>
      <trkpt lat="32.76211" lon="-5.10374"/>
      <trkpt lat="32.76153" lon="-5.10299"/>
      <trkpt lat="32.75925" lon="-5.10210"/>
      <trkpt lat="32.75869" lon="-5.10116"/>
      <trkpt lat="32.74392" lon="-5.06829"/>
      <trkpt lat="32.74308" lon="-5.06520"/>
      <trkpt lat="32.74235" lon="-5.05411"/>
      <trkpt lat="32.74327" lon="-5.05131"/>
      <trkpt lat="32.74787" lon="-5.04360"/>
      <trkpt lat="32.74852" lon="-5.04181"/>
      <trkpt lat="32.75054" lon="-5.02748"/>
      <trkpt lat="32.75191" lon="-5.02444"/>
      <trkpt lat="32.75466" lon="-5.02061"/>
      <trkpt lat="32.75900" lon="-5.00863"/>
      <trkpt lat="32.76064" lon="-5.00661"/>
      <trkpt lat="32.77495" lon="-4.99429"/>
      <trkpt lat="32.81822" lon="-4.96194"/>
      <trkpt lat="32.81868" lon="-4.96061"/>
      <trkpt lat="32.81829" lon="-4.95963"/>
      <trkpt lat="32.81565" lon="-4.95786"/>
      <trkpt lat="32.80175" lon="-4.94583"/>
      <trkpt lat="32.79421" lon="-4.94209"/>
      <trkpt lat="32.79092" lon="-4.93715"/>
      <trkpt lat="32.75682" lon="-4.92623"/>
      <trkpt lat="32.75524" lon="-4.92440"/>
      <trkpt lat="32.74791" lon="-4.91392"/>
      <trkpt lat="32.74685" lon="-4.91329"/>
      <trkpt lat="32.74353" lon="-4.91284"/>
      <trkpt lat="32.73573" lon="-4.90947"/>
      <trkpt lat="32.73242" lon="-4.90487"/>
      <trkpt lat="32.72101" lon="-4.88739"/>
      <trkpt lat="32.71839" lon="-4.88509"/>
      <trkpt lat="32.71032" lon="-4.87291"/>
      <trkpt lat="32.70961" lon="-4.87139"/>
      <trkpt lat="32.70464" lon="-4.85051"/>
      <trkpt lat="32.69884" lon="-4.84432"/>
      <trkpt lat="32.69776" lon="-4.84231"/>
      <trkpt lat="32.69745" lon="-4.82401"/>
      <trkpt lat="32.69886" lon="-4.81288"/>
      <trkpt lat="32.70466" lon="-4.80475"/>
      <trkpt lat="32.70653" lon="-4.79656"/>
      <trkpt lat="32.70573" lon="-4.77936"/>
      <trkpt lat="32.70248" lon="-4.77369"/>
      <trkpt lat="32.70069" lon="-4.76468"/>
      <trkpt lat="32.70107" lon="-4.76022"/>
      <trkpt lat="32.69848" lon="-4.75455"/>
      <trkpt lat="32.69757" lon="-4.75378"/>
      <trkpt lat="32.69483" lon="-4.75310"/>
      <trkpt lat="32.69262" lon="-4.75146"/>
      <trkpt lat="32.68624" lon="-4.74403"/>
      <trkpt lat="32.68353" lon="-4.74308"/>
      <trkpt lat="32.68028" lon="-4.74333"/>
      <trkpt lat="32.68036" lon="-4.74405"/>
    </trkseg>
  </trk>
  <trk><name>Day 10 · Midelt → Guercif → Nador (335)</name><desc>Day 10 - follows the actual roads</desc>
    <trkseg>
      <trkpt lat="32.68036" lon="-4.74405"/>
      <trkpt lat="32.68029" lon="-4.74216"/>
      <trkpt lat="32.67944" lon="-4.74048"/>
      <trkpt lat="32.67933" lon="-4.73810"/>
      <trkpt lat="32.67969" lon="-4.73619"/>
      <trkpt lat="32.67949" lon="-4.73448"/>
      <trkpt lat="32.67861" lon="-4.73145"/>
      <trkpt lat="32.68029" lon="-4.72466"/>
      <trkpt lat="32.68102" lon="-4.71990"/>
      <trkpt lat="32.68112" lon="-4.71637"/>
      <trkpt lat="32.68295" lon="-4.70847"/>
      <trkpt lat="32.68314" lon="-4.70644"/>
      <trkpt lat="32.68282" lon="-4.70215"/>
      <trkpt lat="32.68339" lon="-4.69256"/>
      <trkpt lat="32.68071" lon="-4.68055"/>
      <trkpt lat="32.67916" lon="-4.67104"/>
      <trkpt lat="32.67912" lon="-4.65532"/>
      <trkpt lat="32.67862" lon="-4.65216"/>
      <trkpt lat="32.67702" lon="-4.64705"/>
      <trkpt lat="32.66810" lon="-4.62783"/>
      <trkpt lat="32.67557" lon="-4.61175"/>
      <trkpt lat="32.67985" lon="-4.59392"/>
      <trkpt lat="32.68507" lon="-4.58237"/>
      <trkpt lat="32.69256" lon="-4.56426"/>
      <trkpt lat="32.69447" lon="-4.55517"/>
      <trkpt lat="32.69747" lon="-4.53781"/>
      <trkpt lat="32.70543" lon="-4.51745"/>
      <trkpt lat="32.70905" lon="-4.50953"/>
      <trkpt lat="32.71248" lon="-4.50510"/>
      <trkpt lat="32.71860" lon="-4.49968"/>
      <trkpt lat="32.72178" lon="-4.49582"/>
      <trkpt lat="32.72603" lon="-4.49003"/>
      <trkpt lat="32.73078" lon="-4.48232"/>
      <trkpt lat="32.73247" lon="-4.48009"/>
      <trkpt lat="32.74874" lon="-4.46879"/>
      <trkpt lat="32.75785" lon="-4.45954"/>
      <trkpt lat="32.76546" lon="-4.45253"/>
      <trkpt lat="32.77225" lon="-4.44530"/>
      <trkpt lat="32.78639" lon="-4.43634"/>
      <trkpt lat="32.79792" lon="-4.42535"/>
      <trkpt lat="32.81560" lon="-4.40946"/>
      <trkpt lat="32.81688" lon="-4.40775"/>
      <trkpt lat="32.81753" lon="-4.40622"/>
      <trkpt lat="32.81798" lon="-4.40357"/>
      <trkpt lat="32.81769" lon="-4.40101"/>
      <trkpt lat="32.81655" lon="-4.39692"/>
      <trkpt lat="32.80560" lon="-4.37451"/>
      <trkpt lat="32.80541" lon="-4.37096"/>
      <trkpt lat="32.80576" lon="-4.36823"/>
      <trkpt lat="32.80698" lon="-4.36686"/>
      <trkpt lat="32.81041" lon="-4.36582"/>
      <trkpt lat="32.81589" lon="-4.35963"/>
      <trkpt lat="32.81967" lon="-4.35302"/>
      <trkpt lat="32.82456" lon="-4.34902"/>
      <trkpt lat="32.82500" lon="-4.34818"/>
      <trkpt lat="32.82616" lon="-4.34196"/>
      <trkpt lat="32.82918" lon="-4.33873"/>
      <trkpt lat="32.83081" lon="-4.33472"/>
      <trkpt lat="32.83201" lon="-4.33341"/>
      <trkpt lat="32.83398" lon="-4.32939"/>
      <trkpt lat="32.83655" lon="-4.32579"/>
      <trkpt lat="32.83665" lon="-4.32404"/>
      <trkpt lat="32.83574" lon="-4.32200"/>
      <trkpt lat="32.83575" lon="-4.32137"/>
      <trkpt lat="32.83921" lon="-4.31531"/>
      <trkpt lat="32.84014" lon="-4.31056"/>
      <trkpt lat="32.85240" lon="-4.28977"/>
      <trkpt lat="32.85420" lon="-4.28754"/>
      <trkpt lat="32.85542" lon="-4.28340"/>
      <trkpt lat="32.85712" lon="-4.28106"/>
      <trkpt lat="32.85964" lon="-4.27552"/>
      <trkpt lat="32.86147" lon="-4.27380"/>
      <trkpt lat="32.86596" lon="-4.26683"/>
      <trkpt lat="32.86792" lon="-4.26135"/>
      <trkpt lat="32.87311" lon="-4.25370"/>
      <trkpt lat="32.87614" lon="-4.24538"/>
      <trkpt lat="32.87598" lon="-4.23994"/>
      <trkpt lat="32.87661" lon="-4.23923"/>
      <trkpt lat="32.87730" lon="-4.23904"/>
      <trkpt lat="32.88102" lon="-4.24061"/>
      <trkpt lat="32.88311" lon="-4.24090"/>
      <trkpt lat="32.88475" lon="-4.24232"/>
      <trkpt lat="32.88815" lon="-4.24270"/>
      <trkpt lat="32.88965" lon="-4.24214"/>
      <trkpt lat="32.89227" lon="-4.24083"/>
      <trkpt lat="32.89582" lon="-4.23714"/>
      <trkpt lat="32.89685" lon="-4.23440"/>
      <trkpt lat="32.89996" lon="-4.23111"/>
      <trkpt lat="32.91205" lon="-4.22612"/>
      <trkpt lat="32.91684" lon="-4.22264"/>
      <trkpt lat="32.92467" lon="-4.21945"/>
      <trkpt lat="32.93594" lon="-4.21219"/>
      <trkpt lat="32.94432" lon="-4.20108"/>
      <trkpt lat="32.95247" lon="-4.19310"/>
      <trkpt lat="32.95598" lon="-4.18801"/>
      <trkpt lat="32.95733" lon="-4.18590"/>
      <trkpt lat="32.95917" lon="-4.18141"/>
      <trkpt lat="32.96278" lon="-4.17042"/>
      <trkpt lat="32.96485" lon="-4.16814"/>
      <trkpt lat="32.96613" lon="-4.16502"/>
      <trkpt lat="32.96982" lon="-4.16120"/>
      <trkpt lat="32.97326" lon="-4.15401"/>
      <trkpt lat="32.98153" lon="-4.14420"/>
      <trkpt lat="32.98476" lon="-4.14300"/>
      <trkpt lat="32.98691" lon="-4.14281"/>
      <trkpt lat="32.98779" lon="-4.14228"/>
      <trkpt lat="32.98944" lon="-4.13990"/>
      <trkpt lat="32.99092" lon="-4.13651"/>
      <trkpt lat="32.99846" lon="-4.12713"/>
      <trkpt lat="33.00415" lon="-4.11505"/>
      <trkpt lat="33.00861" lon="-4.10722"/>
      <trkpt lat="33.01304" lon="-4.10296"/>
      <trkpt lat="33.02585" lon="-4.08438"/>
      <trkpt lat="33.03381" lon="-4.07707"/>
      <trkpt lat="33.03600" lon="-4.06716"/>
      <trkpt lat="33.03684" lon="-4.06128"/>
      <trkpt lat="33.03614" lon="-4.05493"/>
      <trkpt lat="33.03717" lon="-4.05360"/>
      <trkpt lat="33.04070" lon="-4.05281"/>
      <trkpt lat="33.04132" lon="-4.05167"/>
      <trkpt lat="33.04046" lon="-4.04626"/>
      <trkpt lat="33.04167" lon="-4.04129"/>
      <trkpt lat="33.04205" lon="-4.03778"/>
      <trkpt lat="33.04135" lon="-4.03273"/>
      <trkpt lat="33.04221" lon="-4.02638"/>
      <trkpt lat="33.04165" lon="-4.02070"/>
      <trkpt lat="33.04250" lon="-4.01543"/>
      <trkpt lat="33.04245" lon="-4.01056"/>
      <trkpt lat="33.04201" lon="-4.00661"/>
      <trkpt lat="33.04224" lon="-4.00429"/>
      <trkpt lat="33.04323" lon="-4.00160"/>
      <trkpt lat="33.04430" lon="-3.99622"/>
      <trkpt lat="33.04758" lon="-3.98837"/>
      <trkpt lat="33.04681" lon="-3.98583"/>
      <trkpt lat="33.04709" lon="-3.98511"/>
      <trkpt lat="33.04900" lon="-3.98475"/>
      <trkpt lat="33.05015" lon="-3.98564"/>
      <trkpt lat="33.05176" lon="-3.98576"/>
      <trkpt lat="33.05483" lon="-3.98833"/>
      <trkpt lat="33.05678" lon="-3.99081"/>
      <trkpt lat="33.06268" lon="-3.98930"/>
      <trkpt lat="33.06950" lon="-3.98400"/>
      <trkpt lat="33.07426" lon="-3.98181"/>
      <trkpt lat="33.07773" lon="-3.97950"/>
      <trkpt lat="33.08553" lon="-3.96886"/>
      <trkpt lat="33.08787" lon="-3.96705"/>
      <trkpt lat="33.09364" lon="-3.96580"/>
      <trkpt lat="33.10032" lon="-3.96388"/>
      <trkpt lat="33.10985" lon="-3.95642"/>
      <trkpt lat="33.11488" lon="-3.94974"/>
      <trkpt lat="33.11856" lon="-3.94029"/>
      <trkpt lat="33.12270" lon="-3.93626"/>
      <trkpt lat="33.12815" lon="-3.92852"/>
      <trkpt lat="33.13077" lon="-3.92243"/>
      <trkpt lat="33.13449" lon="-3.91555"/>
      <trkpt lat="33.15835" lon="-3.89428"/>
      <trkpt lat="33.16623" lon="-3.89043"/>
      <trkpt lat="33.18085" lon="-3.87934"/>
      <trkpt lat="33.18886" lon="-3.87624"/>
      <trkpt lat="33.19613" lon="-3.87018"/>
      <trkpt lat="33.21722" lon="-3.83605"/>
      <trkpt lat="33.23037" lon="-3.82662"/>
      <trkpt lat="33.23187" lon="-3.82648"/>
      <trkpt lat="33.24193" lon="-3.82765"/>
      <trkpt lat="33.24294" lon="-3.82745"/>
      <trkpt lat="33.24392" lon="-3.82669"/>
      <trkpt lat="33.32854" lon="-3.73832"/>
      <trkpt lat="33.33171" lon="-3.73486"/>
      <trkpt lat="33.33217" lon="-3.73290"/>
      <trkpt lat="33.33171" lon="-3.72716"/>
      <trkpt lat="33.33065" lon="-3.71993"/>
      <trkpt lat="33.33069" lon="-3.71529"/>
      <trkpt lat="33.32991" lon="-3.70718"/>
      <trkpt lat="33.32986" lon="-3.70492"/>
      <trkpt lat="33.33025" lon="-3.70352"/>
      <trkpt lat="33.33083" lon="-3.70242"/>
      <trkpt lat="33.33181" lon="-3.70206"/>
      <trkpt lat="33.33382" lon="-3.70210"/>
      <trkpt lat="33.33520" lon="-3.70124"/>
      <trkpt lat="33.33710" lon="-3.69182"/>
      <trkpt lat="33.35908" lon="-3.65669"/>
      <trkpt lat="33.37460" lon="-3.64811"/>
      <trkpt lat="33.38728" lon="-3.64835"/>
      <trkpt lat="33.38838" lon="-3.64866"/>
      <trkpt lat="33.39205" lon="-3.65087"/>
      <trkpt lat="33.39474" lon="-3.65079"/>
      <trkpt lat="33.43114" lon="-3.63259"/>
      <trkpt lat="33.43404" lon="-3.63148"/>
      <trkpt lat="33.47350" lon="-3.62020"/>
      <trkpt lat="33.48214" lon="-3.61556"/>
      <trkpt lat="33.49439" lon="-3.61509"/>
      <trkpt lat="33.49548" lon="-3.61426"/>
      <trkpt lat="33.49778" lon="-3.61053"/>
      <trkpt lat="33.49849" lon="-3.60507"/>
      <trkpt lat="33.49965" lon="-3.60331"/>
      <trkpt lat="33.50125" lon="-3.60238"/>
      <trkpt lat="33.50456" lon="-3.60163"/>
      <trkpt lat="33.50836" lon="-3.60181"/>
      <trkpt lat="33.52260" lon="-3.60076"/>
      <trkpt lat="33.53031" lon="-3.60135"/>
      <trkpt lat="33.53811" lon="-3.59820"/>
      <trkpt lat="33.55308" lon="-3.59321"/>
      <trkpt lat="33.55426" lon="-3.59243"/>
      <trkpt lat="33.56212" lon="-3.58176"/>
      <trkpt lat="33.56684" lon="-3.57760"/>
      <trkpt lat="33.57015" lon="-3.57098"/>
      <trkpt lat="33.57124" lon="-3.56985"/>
      <trkpt lat="33.57401" lon="-3.56886"/>
      <trkpt lat="33.57532" lon="-3.56919"/>
      <trkpt lat="33.57681" lon="-3.57006"/>
      <trkpt lat="33.57825" lon="-3.56996"/>
      <trkpt lat="33.59488" lon="-3.56128"/>
      <trkpt lat="33.59897" lon="-3.56045"/>
      <trkpt lat="33.60526" lon="-3.55743"/>
      <trkpt lat="33.60900" lon="-3.55516"/>
      <trkpt lat="33.61758" lon="-3.54730"/>
      <trkpt lat="33.61946" lon="-3.54600"/>
      <trkpt lat="33.63815" lon="-3.54318"/>
      <trkpt lat="33.64436" lon="-3.54103"/>
      <trkpt lat="33.65689" lon="-3.53929"/>
      <trkpt lat="33.66400" lon="-3.53938"/>
      <trkpt lat="33.67730" lon="-3.53664"/>
      <trkpt lat="33.67867" lon="-3.53585"/>
      <trkpt lat="33.68429" lon="-3.52959"/>
      <trkpt lat="33.68573" lon="-3.52860"/>
      <trkpt lat="33.70190" lon="-3.52791"/>
      <trkpt lat="33.70902" lon="-3.52897"/>
      <trkpt lat="33.71058" lon="-3.52851"/>
      <trkpt lat="33.71693" lon="-3.52512"/>
      <trkpt lat="33.72960" lon="-3.51281"/>
      <trkpt lat="33.73707" lon="-3.51066"/>
      <trkpt lat="33.73858" lon="-3.50996"/>
      <trkpt lat="33.74696" lon="-3.49926"/>
      <trkpt lat="33.75600" lon="-3.49618"/>
      <trkpt lat="33.77650" lon="-3.47951"/>
      <trkpt lat="33.78852" lon="-3.47275"/>
      <trkpt lat="33.78972" lon="-3.47184"/>
      <trkpt lat="33.79178" lon="-3.46935"/>
      <trkpt lat="33.79326" lon="-3.46912"/>
      <trkpt lat="33.79407" lon="-3.46949"/>
      <trkpt lat="33.79533" lon="-3.47160"/>
      <trkpt lat="33.79622" lon="-3.47239"/>
      <trkpt lat="33.79687" lon="-3.47247"/>
      <trkpt lat="33.79773" lon="-3.47204"/>
      <trkpt lat="33.81436" lon="-3.45425"/>
      <trkpt lat="33.82695" lon="-3.44755"/>
      <trkpt lat="33.84348" lon="-3.44287"/>
      <trkpt lat="33.84515" lon="-3.44196"/>
      <trkpt lat="33.84993" lon="-3.43621"/>
      <trkpt lat="33.85907" lon="-3.42161"/>
      <trkpt lat="33.86159" lon="-3.41822"/>
      <trkpt lat="33.86784" lon="-3.41477"/>
      <trkpt lat="33.86895" lon="-3.41350"/>
      <trkpt lat="33.87213" lon="-3.41364"/>
      <trkpt lat="33.87501" lon="-3.41282"/>
      <trkpt lat="33.87656" lon="-3.41065"/>
      <trkpt lat="33.90096" lon="-3.39355"/>
      <trkpt lat="33.91198" lon="-3.38443"/>
      <trkpt lat="33.96952" lon="-3.31625"/>
      <trkpt lat="33.98083" lon="-3.30422"/>
      <trkpt lat="33.98223" lon="-3.30137"/>
      <trkpt lat="33.98232" lon="-3.29590"/>
      <trkpt lat="33.98318" lon="-3.29369"/>
      <trkpt lat="33.99880" lon="-3.27243"/>
      <trkpt lat="34.00133" lon="-3.27025"/>
      <trkpt lat="34.00281" lon="-3.26958"/>
      <trkpt lat="34.00846" lon="-3.26832"/>
      <trkpt lat="34.03569" lon="-3.24090"/>
      <trkpt lat="34.03859" lon="-3.23833"/>
      <trkpt lat="34.04173" lon="-3.23626"/>
      <trkpt lat="34.04564" lon="-3.23448"/>
      <trkpt lat="34.04856" lon="-3.23366"/>
      <trkpt lat="34.05232" lon="-3.23320"/>
      <trkpt lat="34.13162" lon="-3.22850"/>
      <trkpt lat="34.13435" lon="-3.22845"/>
      <trkpt lat="34.13797" lon="-3.22901"/>
      <trkpt lat="34.14410" lon="-3.22857"/>
      <trkpt lat="34.15616" lon="-3.22879"/>
      <trkpt lat="34.16017" lon="-3.22957"/>
      <trkpt lat="34.17124" lon="-3.23085"/>
      <trkpt lat="34.17371" lon="-3.23200"/>
      <trkpt lat="34.17700" lon="-3.23481"/>
      <trkpt lat="34.18537" lon="-3.24591"/>
      <trkpt lat="34.18691" lon="-3.24753"/>
      <trkpt lat="34.18997" lon="-3.25004"/>
      <trkpt lat="34.19315" lon="-3.25196"/>
      <trkpt lat="34.20110" lon="-3.25560"/>
      <trkpt lat="34.20593" lon="-3.25929"/>
      <trkpt lat="34.20978" lon="-3.26371"/>
      <trkpt lat="34.21523" lon="-3.27348"/>
      <trkpt lat="34.23788" lon="-3.30589"/>
      <trkpt lat="34.23905" lon="-3.30695"/>
      <trkpt lat="34.23874" lon="-3.31259"/>
      <trkpt lat="34.24153" lon="-3.31755"/>
      <trkpt lat="34.24184" lon="-3.31903"/>
      <trkpt lat="34.24188" lon="-3.32235"/>
      <trkpt lat="34.24130" lon="-3.32372"/>
      <trkpt lat="34.23939" lon="-3.32574"/>
      <trkpt lat="34.22646" lon="-3.35001"/>
      <trkpt lat="34.22640" lon="-3.35169"/>
      <trkpt lat="34.22532" lon="-3.35579"/>
      <trkpt lat="34.22608" lon="-3.35530"/>
      <trkpt lat="34.22739" lon="-3.35267"/>
      <trkpt lat="34.22611" lon="-3.35160"/>
      <trkpt lat="34.22646" lon="-3.35001"/>
      <trkpt lat="34.23100" lon="-3.34091"/>
      <trkpt lat="34.23939" lon="-3.32574"/>
      <trkpt lat="34.24130" lon="-3.32372"/>
      <trkpt lat="34.24188" lon="-3.32235"/>
      <trkpt lat="34.24184" lon="-3.31903"/>
      <trkpt lat="34.24153" lon="-3.31755"/>
      <trkpt lat="34.23874" lon="-3.31259"/>
      <trkpt lat="34.23883" lon="-3.30711"/>
      <trkpt lat="34.24008" lon="-3.29208"/>
      <trkpt lat="34.24501" lon="-3.26844"/>
      <trkpt lat="34.24637" lon="-3.26633"/>
      <trkpt lat="34.25226" lon="-3.26057"/>
      <trkpt lat="34.25675" lon="-3.25441"/>
      <trkpt lat="34.25992" lon="-3.24924"/>
      <trkpt lat="34.26259" lon="-3.23412"/>
      <trkpt lat="34.27591" lon="-3.19284"/>
      <trkpt lat="34.28527" lon="-3.17387"/>
      <trkpt lat="34.29023" lon="-3.14976"/>
      <trkpt lat="34.29212" lon="-3.14724"/>
      <trkpt lat="34.29728" lon="-3.14571"/>
      <trkpt lat="34.29954" lon="-3.14258"/>
      <trkpt lat="34.30047" lon="-3.13024"/>
      <trkpt lat="34.30089" lon="-3.11530"/>
      <trkpt lat="34.30165" lon="-3.11189"/>
      <trkpt lat="34.31504" lon="-3.09064"/>
      <trkpt lat="34.32609" lon="-3.07047"/>
      <trkpt lat="34.32683" lon="-3.06957"/>
      <trkpt lat="34.32769" lon="-3.06910"/>
      <trkpt lat="34.33030" lon="-3.06841"/>
      <trkpt lat="34.33111" lon="-3.06779"/>
      <trkpt lat="34.33366" lon="-3.06404"/>
      <trkpt lat="34.33618" lon="-3.05736"/>
      <trkpt lat="34.33868" lon="-3.05373"/>
      <trkpt lat="34.34524" lon="-3.04843"/>
      <trkpt lat="34.34775" lon="-3.04530"/>
      <trkpt lat="34.35134" lon="-3.04223"/>
      <trkpt lat="34.35295" lon="-3.04156"/>
      <trkpt lat="34.35574" lon="-3.04109"/>
      <trkpt lat="34.36037" lon="-3.04094"/>
      <trkpt lat="34.36970" lon="-3.03363"/>
      <trkpt lat="34.37240" lon="-3.02934"/>
      <trkpt lat="34.37590" lon="-3.02659"/>
      <trkpt lat="34.37818" lon="-3.02211"/>
      <trkpt lat="34.38283" lon="-3.01815"/>
      <trkpt lat="34.40561" lon="-2.98249"/>
      <trkpt lat="34.40612" lon="-2.97963"/>
      <trkpt lat="34.40480" lon="-2.97438"/>
      <trkpt lat="34.40466" lon="-2.97263"/>
      <trkpt lat="34.40588" lon="-2.96178"/>
      <trkpt lat="34.41069" lon="-2.94373"/>
      <trkpt lat="34.41047" lon="-2.94153"/>
      <trkpt lat="34.40900" lon="-2.93641"/>
      <trkpt lat="34.40977" lon="-2.93011"/>
      <trkpt lat="34.41224" lon="-2.92430"/>
      <trkpt lat="34.41362" lon="-2.92200"/>
      <trkpt lat="34.41593" lon="-2.91551"/>
      <trkpt lat="34.41849" lon="-2.91039"/>
      <trkpt lat="34.41811" lon="-2.90595"/>
      <trkpt lat="34.41503" lon="-2.89880"/>
      <trkpt lat="34.41345" lon="-2.89401"/>
      <trkpt lat="34.41314" lon="-2.89390"/>
      <trkpt lat="34.41244" lon="-2.89456"/>
      <trkpt lat="34.41338" lon="-2.89373"/>
      <trkpt lat="34.41358" lon="-2.89369"/>
      <trkpt lat="34.41515" lon="-2.89886"/>
      <trkpt lat="34.41823" lon="-2.90606"/>
      <trkpt lat="34.41834" lon="-2.90960"/>
      <trkpt lat="34.41873" lon="-2.91032"/>
      <trkpt lat="34.41734" lon="-2.91237"/>
      <trkpt lat="34.41256" lon="-2.92451"/>
      <trkpt lat="34.40986" lon="-2.92965"/>
      <trkpt lat="34.40897" lon="-2.93593"/>
      <trkpt lat="34.41059" lon="-2.94207"/>
      <trkpt lat="34.41071" lon="-2.94356"/>
      <trkpt lat="34.40829" lon="-2.95240"/>
      <trkpt lat="34.40874" lon="-2.95335"/>
      <trkpt lat="34.41887" lon="-2.96165"/>
      <trkpt lat="34.42139" lon="-2.96309"/>
      <trkpt lat="34.42294" lon="-2.96362"/>
      <trkpt lat="34.42789" lon="-2.96310"/>
      <trkpt lat="34.43206" lon="-2.96372"/>
      <trkpt lat="34.43599" lon="-2.96608"/>
      <trkpt lat="34.43715" lon="-2.96723"/>
      <trkpt lat="34.43797" lon="-2.96880"/>
      <trkpt lat="34.43932" lon="-2.97715"/>
      <trkpt lat="34.44049" lon="-2.97922"/>
      <trkpt lat="34.44161" lon="-2.98013"/>
      <trkpt lat="34.44708" lon="-2.98196"/>
      <trkpt lat="34.45215" lon="-2.98513"/>
      <trkpt lat="34.45413" lon="-2.98584"/>
      <trkpt lat="34.46541" lon="-2.98722"/>
      <trkpt lat="34.46604" lon="-2.98706"/>
      <trkpt lat="34.46723" lon="-2.98742"/>
      <trkpt lat="34.47089" lon="-2.98730"/>
      <trkpt lat="34.47277" lon="-2.98757"/>
      <trkpt lat="34.48756" lon="-2.99380"/>
      <trkpt lat="34.49410" lon="-2.99437"/>
      <trkpt lat="34.49686" lon="-2.99531"/>
      <trkpt lat="34.49837" lon="-2.99682"/>
      <trkpt lat="34.50887" lon="-3.00991"/>
      <trkpt lat="34.50997" lon="-3.01147"/>
      <trkpt lat="34.51101" lon="-3.01522"/>
      <trkpt lat="34.51232" lon="-3.01774"/>
      <trkpt lat="34.51323" lon="-3.01888"/>
      <trkpt lat="34.51520" lon="-3.02039"/>
      <trkpt lat="34.52003" lon="-3.02206"/>
      <trkpt lat="34.53731" lon="-3.03071"/>
      <trkpt lat="34.53907" lon="-3.03090"/>
      <trkpt lat="34.54113" lon="-3.03033"/>
      <trkpt lat="34.54299" lon="-3.02843"/>
      <trkpt lat="34.54384" lon="-3.02633"/>
      <trkpt lat="34.54450" lon="-3.02209"/>
      <trkpt lat="34.54548" lon="-3.02014"/>
      <trkpt lat="34.54744" lon="-3.01879"/>
      <trkpt lat="34.54930" lon="-3.01869"/>
      <trkpt lat="34.55085" lon="-3.01946"/>
      <trkpt lat="34.55278" lon="-3.02118"/>
      <trkpt lat="34.55442" lon="-3.02554"/>
      <trkpt lat="34.55573" lon="-3.02715"/>
      <trkpt lat="34.55851" lon="-3.02866"/>
      <trkpt lat="34.56334" lon="-3.03061"/>
      <trkpt lat="34.56791" lon="-3.03342"/>
      <trkpt lat="34.57046" lon="-3.03430"/>
      <trkpt lat="34.57161" lon="-3.03391"/>
      <trkpt lat="34.57577" lon="-3.03145"/>
      <trkpt lat="34.58297" lon="-3.03003"/>
      <trkpt lat="34.60402" lon="-3.02957"/>
      <trkpt lat="34.61131" lon="-3.02885"/>
      <trkpt lat="34.61353" lon="-3.02847"/>
      <trkpt lat="34.62423" lon="-3.02539"/>
      <trkpt lat="34.63437" lon="-3.02517"/>
      <trkpt lat="34.64055" lon="-3.02285"/>
      <trkpt lat="34.64143" lon="-3.02221"/>
      <trkpt lat="34.64209" lon="-3.02112"/>
      <trkpt lat="34.64330" lon="-3.01650"/>
      <trkpt lat="34.64513" lon="-3.01424"/>
      <trkpt lat="34.64969" lon="-3.00940"/>
      <trkpt lat="34.65386" lon="-3.00744"/>
      <trkpt lat="34.65523" lon="-3.00627"/>
      <trkpt lat="34.66133" lon="-2.99798"/>
      <trkpt lat="34.66860" lon="-2.99022"/>
      <trkpt lat="34.67451" lon="-2.98787"/>
      <trkpt lat="34.68067" lon="-2.98490"/>
      <trkpt lat="34.68232" lon="-2.98401"/>
      <trkpt lat="34.68517" lon="-2.98151"/>
      <trkpt lat="34.68621" lon="-2.98105"/>
      <trkpt lat="34.69300" lon="-2.98041"/>
      <trkpt lat="34.69761" lon="-2.97841"/>
      <trkpt lat="34.69920" lon="-2.97861"/>
      <trkpt lat="34.70263" lon="-2.98025"/>
      <trkpt lat="34.70788" lon="-2.98010"/>
      <trkpt lat="34.71242" lon="-2.98269"/>
      <trkpt lat="34.71651" lon="-2.98366"/>
      <trkpt lat="34.72436" lon="-2.98631"/>
      <trkpt lat="34.72945" lon="-2.98993"/>
      <trkpt lat="34.73230" lon="-2.99083"/>
      <trkpt lat="34.73329" lon="-2.99148"/>
      <trkpt lat="34.73804" lon="-2.99807"/>
      <trkpt lat="34.74011" lon="-2.99912"/>
      <trkpt lat="34.74121" lon="-2.99891"/>
      <trkpt lat="34.74262" lon="-2.99771"/>
      <trkpt lat="34.74392" lon="-2.99392"/>
      <trkpt lat="34.74481" lon="-2.99271"/>
      <trkpt lat="34.75171" lon="-2.98936"/>
      <trkpt lat="34.75627" lon="-2.98904"/>
      <trkpt lat="34.77074" lon="-2.98676"/>
      <trkpt lat="34.78538" lon="-2.98535"/>
      <trkpt lat="34.79419" lon="-2.98344"/>
      <trkpt lat="34.79539" lon="-2.98287"/>
      <trkpt lat="34.80054" lon="-2.98156"/>
      <trkpt lat="34.80951" lon="-2.98099"/>
      <trkpt lat="34.81462" lon="-2.98156"/>
      <trkpt lat="34.81731" lon="-2.98232"/>
      <trkpt lat="34.82119" lon="-2.98246"/>
      <trkpt lat="34.82288" lon="-2.98658"/>
      <trkpt lat="34.82805" lon="-2.99117"/>
      <trkpt lat="34.82969" lon="-2.99175"/>
      <trkpt lat="34.83089" lon="-2.99309"/>
      <trkpt lat="34.83222" lon="-2.99318"/>
      <trkpt lat="34.83774" lon="-2.98964"/>
      <trkpt lat="34.84261" lon="-2.98784"/>
      <trkpt lat="34.84817" lon="-2.98834"/>
      <trkpt lat="34.84924" lon="-2.98892"/>
      <trkpt lat="34.85086" lon="-2.98882"/>
      <trkpt lat="34.85814" lon="-2.99366"/>
      <trkpt lat="34.86303" lon="-2.99742"/>
      <trkpt lat="34.86745" lon="-3.00175"/>
      <trkpt lat="34.86789" lon="-3.00175"/>
      <trkpt lat="34.86835" lon="-3.00028"/>
      <trkpt lat="34.86814" lon="-2.99961"/>
      <trkpt lat="34.86839" lon="-2.99872"/>
      <trkpt lat="34.86796" lon="-2.99702"/>
      <trkpt lat="34.86846" lon="-2.99582"/>
      <trkpt lat="34.86833" lon="-2.99395"/>
      <trkpt lat="34.86881" lon="-2.99301"/>
      <trkpt lat="34.86792" lon="-2.99159"/>
      <trkpt lat="34.86996" lon="-2.98815"/>
      <trkpt lat="34.86860" lon="-2.98293"/>
      <trkpt lat="34.86981" lon="-2.98231"/>
      <trkpt lat="34.87180" lon="-2.98188"/>
      <trkpt lat="34.87291" lon="-2.98042"/>
      <trkpt lat="34.87399" lon="-2.97962"/>
      <trkpt lat="34.87635" lon="-2.97874"/>
      <trkpt lat="34.88275" lon="-2.97540"/>
      <trkpt lat="34.88541" lon="-2.97534"/>
      <trkpt lat="34.88770" lon="-2.97463"/>
      <trkpt lat="34.89088" lon="-2.97530"/>
      <trkpt lat="34.89175" lon="-2.97485"/>
      <trkpt lat="34.89238" lon="-2.97377"/>
      <trkpt lat="34.89269" lon="-2.96946"/>
      <trkpt lat="34.89358" lon="-2.96708"/>
      <trkpt lat="34.89316" lon="-2.96224"/>
      <trkpt lat="34.89560" lon="-2.95592"/>
      <trkpt lat="34.89512" lon="-2.95399"/>
      <trkpt lat="34.89541" lon="-2.95303"/>
      <trkpt lat="34.89464" lon="-2.95041"/>
      <trkpt lat="34.89454" lon="-2.94752"/>
      <trkpt lat="34.89379" lon="-2.94715"/>
      <trkpt lat="34.89361" lon="-2.94627"/>
      <trkpt lat="34.89388" lon="-2.94494"/>
      <trkpt lat="34.89342" lon="-2.94126"/>
      <trkpt lat="34.89366" lon="-2.93954"/>
      <trkpt lat="34.89514" lon="-2.93717"/>
      <trkpt lat="34.89513" lon="-2.93352"/>
      <trkpt lat="34.89600" lon="-2.92976"/>
      <trkpt lat="34.89562" lon="-2.92784"/>
      <trkpt lat="34.89354" lon="-2.92613"/>
      <trkpt lat="34.89329" lon="-2.92420"/>
      <trkpt lat="34.89294" lon="-2.92362"/>
      <trkpt lat="34.89346" lon="-2.92229"/>
      <trkpt lat="34.89326" lon="-2.91943"/>
      <trkpt lat="34.89373" lon="-2.91773"/>
      <trkpt lat="34.89405" lon="-2.91370"/>
      <trkpt lat="34.89103" lon="-2.90634"/>
      <trkpt lat="34.88917" lon="-2.90303"/>
      <trkpt lat="34.88450" lon="-2.89715"/>
      <trkpt lat="34.88742" lon="-2.90051"/>
      <trkpt lat="34.89054" lon="-2.90568"/>
      <trkpt lat="34.89277" lon="-2.90982"/>
      <trkpt lat="34.89409" lon="-2.91416"/>
      <trkpt lat="34.89323" lon="-2.91985"/>
      <trkpt lat="34.89348" lon="-2.92211"/>
      <trkpt lat="34.89293" lon="-2.92357"/>
      <trkpt lat="34.89365" lon="-2.92626"/>
      <trkpt lat="34.89553" lon="-2.92773"/>
      <trkpt lat="34.89599" lon="-2.92917"/>
      <trkpt lat="34.89582" lon="-2.93139"/>
      <trkpt lat="34.89504" lon="-2.93418"/>
      <trkpt lat="34.89517" lon="-2.93698"/>
      <trkpt lat="34.89346" lon="-2.94018"/>
      <trkpt lat="34.89388" lon="-2.94494"/>
      <trkpt lat="34.89361" lon="-2.94627"/>
      <trkpt lat="34.89379" lon="-2.94715"/>
      <trkpt lat="34.89454" lon="-2.94752"/>
      <trkpt lat="34.89464" lon="-2.95041"/>
      <trkpt lat="34.89541" lon="-2.95303"/>
      <trkpt lat="34.89512" lon="-2.95399"/>
      <trkpt lat="34.89563" lon="-2.95540"/>
      <trkpt lat="34.89478" lon="-2.95851"/>
      <trkpt lat="34.89316" lon="-2.96224"/>
      <trkpt lat="34.89368" lon="-2.96670"/>
      <trkpt lat="34.89518" lon="-2.96913"/>
      <trkpt lat="34.89683" lon="-2.97036"/>
      <trkpt lat="34.90063" lon="-2.97209"/>
      <trkpt lat="34.90307" lon="-2.97386"/>
      <trkpt lat="34.90465" lon="-2.97330"/>
      <trkpt lat="34.90625" lon="-2.97695"/>
      <trkpt lat="34.90807" lon="-2.97980"/>
      <trkpt lat="34.91159" lon="-2.98865"/>
      <trkpt lat="34.91206" lon="-2.98936"/>
      <trkpt lat="34.91305" lon="-2.98990"/>
      <trkpt lat="34.91175" lon="-2.99405"/>
      <trkpt lat="34.91295" lon="-2.99394"/>
      <trkpt lat="34.91565" lon="-2.99500"/>
      <trkpt lat="34.91797" lon="-2.99715"/>
      <trkpt lat="34.91820" lon="-2.99856"/>
      <trkpt lat="34.91799" lon="-2.99946"/>
      <trkpt lat="34.91835" lon="-3.00081"/>
      <trkpt lat="34.91890" lon="-3.00134"/>
      <trkpt lat="34.91831" lon="-3.00529"/>
      <trkpt lat="34.91861" lon="-3.00624"/>
      <trkpt lat="34.91872" lon="-3.01102"/>
      <trkpt lat="34.91924" lon="-3.01397"/>
      <trkpt lat="34.92013" lon="-3.01617"/>
      <trkpt lat="34.92128" lon="-3.01772"/>
      <trkpt lat="34.92247" lon="-3.01871"/>
      <trkpt lat="34.92556" lon="-3.01932"/>
      <trkpt lat="34.92872" lon="-3.01700"/>
      <trkpt lat="34.93063" lon="-3.01495"/>
      <trkpt lat="34.93139" lon="-3.01368"/>
      <trkpt lat="34.93026" lon="-3.01153"/>
      <trkpt lat="34.93488" lon="-2.99341"/>
      <trkpt lat="34.93666" lon="-2.98939"/>
      <trkpt lat="34.97993" lon="-3.00546"/>
      <trkpt lat="34.98433" lon="-3.00762"/>
      <trkpt lat="34.98765" lon="-3.00846"/>
      <trkpt lat="34.99802" lon="-3.00450"/>
      <trkpt lat="35.00241" lon="-3.00320"/>
      <trkpt lat="35.00409" lon="-3.00078"/>
      <trkpt lat="35.00386" lon="-3.00008"/>
      <trkpt lat="35.00538" lon="-2.99523"/>
      <trkpt lat="35.00577" lon="-2.99150"/>
      <trkpt lat="35.00680" lon="-2.98957"/>
      <trkpt lat="35.00830" lon="-2.98925"/>
      <trkpt lat="35.01122" lon="-2.99003"/>
      <trkpt lat="35.01169" lon="-2.98970"/>
      <trkpt lat="35.01281" lon="-2.98703"/>
      <trkpt lat="35.01538" lon="-2.98796"/>
      <trkpt lat="35.01629" lon="-2.99001"/>
      <trkpt lat="35.01776" lon="-2.99027"/>
      <trkpt lat="35.02674" lon="-2.98475"/>
      <trkpt lat="35.02962" lon="-2.98187"/>
      <trkpt lat="35.03653" lon="-2.97333"/>
      <trkpt lat="35.04552" lon="-2.96055"/>
      <trkpt lat="35.05617" lon="-2.94753"/>
      <trkpt lat="35.05729" lon="-2.94531"/>
      <trkpt lat="35.06116" lon="-2.93488"/>
      <trkpt lat="35.06229" lon="-2.93269"/>
      <trkpt lat="35.06469" lon="-2.93061"/>
      <trkpt lat="35.06712" lon="-2.92981"/>
      <trkpt lat="35.07370" lon="-2.92878"/>
      <trkpt lat="35.07668" lon="-2.92971"/>
      <trkpt lat="35.08371" lon="-2.93462"/>
      <trkpt lat="35.08531" lon="-2.93502"/>
      <trkpt lat="35.08671" lon="-2.93497"/>
      <trkpt lat="35.13089" lon="-2.92186"/>
      <trkpt lat="35.13291" lon="-2.92246"/>
      <trkpt lat="35.13757" lon="-2.92475"/>
      <trkpt lat="35.15239" lon="-2.92853"/>
      <trkpt lat="35.17333" lon="-2.92868"/>
      <trkpt lat="35.17598" lon="-2.92794"/>
      <trkpt lat="35.17922" lon="-2.92783"/>
      <trkpt lat="35.17999" lon="-2.92851"/>
      <trkpt lat="35.18560" lon="-2.92818"/>
      <trkpt lat="35.18780" lon="-2.92910"/>
      <trkpt lat="35.19018" lon="-2.93095"/>
      <trkpt lat="35.19476" lon="-2.93116"/>
      <trkpt lat="35.19617" lon="-2.93056"/>
      <trkpt lat="35.19667" lon="-2.92989"/>
      <trkpt lat="35.20223" lon="-2.92083"/>
      <trkpt lat="35.20777" lon="-2.91547"/>
      <trkpt lat="35.20910" lon="-2.91474"/>
      <trkpt lat="35.21108" lon="-2.91439"/>
      <trkpt lat="35.21380" lon="-2.91528"/>
      <trkpt lat="35.21789" lon="-2.91942"/>
      <trkpt lat="35.22143" lon="-2.92135"/>
      <trkpt lat="35.22463" lon="-2.92485"/>
      <trkpt lat="35.23002" lon="-2.92736"/>
      <trkpt lat="35.23418" lon="-2.93134"/>
      <trkpt lat="35.23548" lon="-2.93201"/>
      <trkpt lat="35.24103" lon="-2.93355"/>
      <trkpt lat="35.25762" lon="-2.92942"/>
      <trkpt lat="35.26070" lon="-2.92969"/>
      <trkpt lat="35.26811" lon="-2.93331"/>
      <trkpt lat="35.26817" lon="-2.93307"/>
    </trkseg>
  </trk>
</gpx>
